# {"t_start": 1554320224.543334, "env_id": "KangarooNoFrameskip-v4"} 
r,l,t
0.0,343,5.395462
0.0,625,7.643969
0.0,429,8.978929
0.0,563,10.620518
0.0,291,11.453722
0.0,730,13.813097
0.0,443,15.416505
0.0,539,17.32117
0.0,369,18.524088
0.0,518,20.111777
0.0,296,20.991815
0.0,490,22.695873
0.0,464,24.506672
200.0,608,26.909194
0.0,720,29.536166
200.0,465,31.558754
0.0,556,33.462661
0.0,541,35.212978
0.0,609,37.642987
0.0,420,39.363407
0.0,281,41.379615
0.0,663,48.197322
0.0,350,51.472909
0.0,471,56.239405
0.0,474,61.372734
0.0,404,65.560988
0.0,352,69.070488
0.0,494,73.653606
0.0,414,77.618335
0.0,662,84.045508
0.0,406,87.843212
0.0,551,93.247068
0.0,407,97.014935
0.0,493,101.689388
200.0,551,107.685709
0.0,534,113.153044
0.0,343,116.484133
0.0,608,122.160522
0.0,411,126.19074
0.0,427,131.032574
200.0,601,137.439885
0.0,363,140.922556
0.0,488,145.600302
0.0,667,151.928765
0.0,480,156.509071
0.0,661,162.77491
0.0,479,167.288398
0.0,600,173.578507
0.0,668,179.983036
0.0,281,182.676995
0.0,538,187.929809
0.0,345,191.2643
0.0,549,196.781821
0.0,664,203.548327
0.0,500,208.413385
0.0,475,213.254398
0.0,311,216.168513
0.0,408,219.98866
0.0,563,225.280385
200.0,552,230.850389
0.0,283,233.535876
0.0,487,238.343272
0.0,467,242.765557
0.0,547,248.241333
200.0,405,252.306455
0.0,603,258.490694
0.0,428,263.015204
0.0,293,265.983827
200.0,611,272.351494
0.0,482,277.345335
0.0,543,282.830822
200.0,533,288.078856
0.0,533,293.319578
0.0,314,296.333763
200.0,604,302.243074
200.0,667,308.696284
0.0,554,314.069923
0.0,277,316.723908
0.0,460,321.206601
0.0,479,325.864508
0.0,553,331.203908
0.0,608,337.130151
0.0,474,341.67752
0.0,407,345.553079
0.0,487,350.200773
0.0,544,355.450804
0.0,533,360.555532
0.0,348,363.861993
0.0,464,368.393179
0.0,622,374.436473
0.0,665,380.886041
0.0,485,385.555188
0.0,406,389.475139
200.0,422,393.584938
0.0,531,398.759717
0.0,409,402.726808
0.0,374,406.306004
200.0,509,411.193803
200.0,343,414.527482
0.0,467,418.924862
0.0,481,423.526291
0.0,378,427.07445
200.0,341,430.263919
0.0,367,433.730126
0.0,416,437.644405
0.0,482,442.281329
0.0,399,446.07613
0.0,673,452.578928
0.0,559,457.926775
400.0,538,463.140508
0.0,339,466.410816
0.0,354,469.839977
0.0,413,473.88633
0.0,539,479.146927
0.0,539,484.654521
0.0,375,488.433801
0.0,479,493.032694
0.0,529,498.152564
200.0,566,503.594233
0.0,433,508.122595
400.0,618,514.576194
0.0,545,520.259028
0.0,658,527.282363
0.0,547,532.671632
0.0,499,537.502593
200.0,746,544.863204
0.0,407,548.843816
200.0,475,553.392471
0.0,596,559.249594
0.0,415,563.238702
0.0,535,568.329509
0.0,414,572.258679
0.0,534,577.384747
400.0,487,581.954265
0.0,504,586.707412
200.0,658,592.987982
0.0,285,595.689095
0.0,351,598.990912
0.0,292,601.694074
0.0,356,605.067026
0.0,474,609.573483
0.0,471,614.051987
200.0,542,619.264126
0.0,676,625.759912
200.0,415,629.684374
0.0,659,635.979327
200.0,608,641.763563
0.0,425,645.744413
200.0,661,652.058
0.0,293,654.834344
0.0,483,659.698103
0.0,496,665.021028
0.0,663,671.478768
0.0,489,676.12949
0.0,426,680.283843
0.0,537,685.770947
0.0,544,691.37152
0.0,477,696.29754
0.0,677,702.840849
0.0,417,706.80946
0.0,410,710.790239
0.0,381,714.432832
0.0,386,718.11621
0.0,474,722.687141
200.0,598,728.43923
0.0,531,733.540455
0.0,286,736.294102
0.0,405,740.173569
0.0,418,744.136923
200.0,413,748.099663
0.0,601,753.864371
200.0,670,760.377722
0.0,548,765.699975
0.0,413,769.706418
0.0,465,774.170279
0.0,367,777.695898
0.0,440,781.977012
0.0,540,787.162788
0.0,428,791.243962
0.0,547,796.466819
200.0,739,803.626739
0.0,527,808.702748
0.0,426,813.12081
0.0,533,818.433827
200.0,664,824.782532
0.0,408,828.629616
400.0,670,835.024998
0.0,407,838.886847
0.0,479,843.45041
0.0,410,847.310409
0.0,481,852.250569
0.0,346,855.738025
200.0,566,861.712367
0.0,432,865.965207
400.0,475,870.885192
200.0,601,876.965543
0.0,491,882.250818
0.0,480,887.119912
200.0,596,892.891749
0.0,663,899.364875
0.0,733,906.469854
0.0,286,909.318942
0.0,605,915.648224
0.0,466,920.259591
200.0,410,924.997926
0.0,278,927.936373
0.0,473,933.119291
0.0,469,938.178622
0.0,470,943.264913
0.0,614,949.819936
200.0,418,954.167699
0.0,410,958.431245
0.0,548,963.651634
0.0,354,967.033653
0.0,402,970.890203
200.0,545,976.08423
0.0,280,978.739051
0.0,410,982.683692
0.0,357,986.093659
0.0,612,991.984725
0.0,464,996.45768
0.0,542,1001.645911
0.0,533,1006.738745
0.0,461,1011.097917
0.0,560,1016.464488
0.0,421,1020.448436
200.0,501,1025.23722
0.0,554,1030.600025
0.0,601,1036.439488
0.0,469,1040.918471
0.0,406,1044.766067
0.0,479,1049.375403
0.0,619,1055.261827
0.0,598,1061.277553
200.0,530,1066.257646
0.0,592,1071.844777
0.0,458,1076.193008
0.0,282,1078.915031
0.0,533,1083.998378
0.0,556,1089.251444
0.0,484,1093.816531
0.0,373,1097.321906
0.0,532,1102.342134
0.0,346,1105.577716
0.0,407,1109.417063
0.0,545,1114.562142
0.0,493,1119.2258
0.0,402,1123.016458
200.0,466,1127.506101
200.0,412,1131.380206
0.0,415,1135.288924
0.0,284,1137.953892
0.0,491,1142.618612
200.0,467,1147.086043
0.0,285,1149.758313
0.0,469,1154.261895
0.0,437,1158.440674
200.0,795,1166.099053
0.0,443,1170.338998
200.0,539,1175.488
0.0,595,1181.200032
0.0,564,1186.659957
200.0,526,1191.721927
0.0,408,1195.597866
0.0,490,1200.272464
0.0,469,1204.745147
0.0,290,1207.475909
200.0,489,1212.120459
0.0,365,1215.574172
0.0,533,1220.652403
0.0,365,1224.125672
0.0,283,1226.785369
200.0,611,1232.63094
0.0,354,1235.994756
200.0,415,1239.952992
0.0,276,1242.568491
200.0,594,1248.251504
0.0,365,1251.683559
0.0,565,1257.103481
0.0,535,1262.267187
0.0,284,1264.970385
0.0,407,1268.816907
0.0,470,1273.24443
200.0,339,1276.451897
0.0,353,1279.748197
200.0,528,1284.787535
200.0,495,1289.526921
0.0,371,1293.023291
0.0,548,1298.256574
0.0,538,1303.348701
0.0,558,1308.676256
0.0,491,1313.317556
200.0,411,1317.237071
200.0,730,1324.312366
0.0,513,1329.244108
0.0,661,1336.460094
0.0,666,1344.063074
0.0,347,1347.612357
0.0,542,1353.115499
0.0,441,1357.557678
0.0,422,1361.834425
0.0,493,1366.78353
0.0,734,1374.178334
0.0,594,1380.215311
0.0,463,1384.848019
0.0,551,1390.360122
0.0,439,1394.788574
0.0,426,1399.013271
0.0,433,1403.078862
0.0,434,1407.36573
0.0,540,1413.007851
0.0,375,1416.683485
0.0,677,1423.452241
0.0,552,1428.953526
400.0,672,1435.60751
0.0,672,1442.313985
0.0,379,1446.057372
0.0,538,1451.369365
0.0,365,1454.910547
0.0,347,1458.325319
200.0,665,1464.980196
0.0,285,1467.788285
400.0,555,1473.318342
0.0,563,1478.930858
0.0,603,1484.928229
0.0,415,1489.075129
200.0,476,1493.849444
0.0,413,1497.933393
400.0,418,1502.072027
0.0,551,1507.573402
0.0,281,1510.266641
0.0,360,1513.606603
0.0,425,1517.938668
0.0,615,1524.050807
0.0,368,1527.630415
0.0,286,1530.375953
200.0,482,1535.078871
400.0,555,1540.552929
0.0,536,1545.80717
0.0,281,1548.589576
0.0,547,1554.005695
200.0,575,1559.611596
200.0,675,1566.181568
0.0,406,1570.156677
0.0,620,1576.266481
0.0,496,1581.099024
0.0,542,1586.44358
0.0,371,1590.053267
0.0,343,1593.373061
0.0,613,1599.350628
0.0,667,1605.90358
0.0,436,1610.133492
0.0,466,1614.686355
0.0,474,1619.353702
0.0,483,1624.043094
0.0,567,1629.598863
0.0,292,1632.413351
0.0,661,1638.924412
0.0,350,1642.395074
0.0,465,1646.930694
0.0,539,1652.256384
0.0,465,1656.846026
0.0,435,1661.083392
0.0,539,1666.392847
0.0,495,1671.252261
0.0,474,1675.922966
0.0,595,1681.775587
200.0,606,1687.666473
0.0,494,1692.482698
0.0,365,1696.046998
0.0,533,1701.316342
200.0,479,1706.050803
0.0,293,1708.881819
0.0,439,1713.192571
0.0,539,1718.448488
0.0,489,1723.205499
0.0,274,1725.875057
0.0,608,1731.804024
0.0,494,1736.667643
0.0,483,1741.410091
0.0,551,1746.798002
0.0,498,1751.764077
400.0,526,1756.897322
0.0,666,1763.506876
0.0,655,1770.010875
0.0,307,1772.971802
0.0,469,1777.59402
0.0,599,1783.451665
0.0,503,1788.361619
0.0,510,1793.399107
0.0,343,1796.694916
200.0,682,1803.338659
0.0,410,1807.285963
200.0,689,1814.013849
0.0,467,1818.511486
200.0,724,1825.59343
0.0,376,1829.246626
0.0,406,1833.19334
0.0,548,1838.556482
0.0,622,1845.131828
0.0,471,1849.711168
0.0,301,1852.407044
0.0,489,1856.760654
0.0,524,1861.391557
0.0,411,1864.970981
0.0,433,1868.762836
0.0,350,1871.823647
0.0,422,1875.548681
0.0,540,1880.32191
0.0,420,1884.018021
0.0,606,1889.354744
0.0,532,1894.030234
0.0,546,1898.862306
0.0,553,1903.732277
0.0,414,1907.348602
0.0,481,1911.613192
200.0,468,1915.768076
0.0,345,1918.751095
0.0,528,1923.403647
0.0,460,1927.442841
200.0,403,1930.992344
0.0,420,1934.665517
0.0,540,1939.446725
200.0,409,1943.045098
0.0,556,1947.936013
0.0,418,1951.582258
0.0,561,1956.541988
200.0,488,1960.881378
0.0,607,1966.947646
0.0,536,1971.605157
0.0,413,1975.24509
0.0,535,1979.878098
0.0,345,1982.84773
0.0,286,1985.269146
0.0,479,1989.517228
0.0,400,1992.952991
0.0,563,1997.783333
0.0,399,2001.207282
0.0,282,2003.635284
0.0,484,2007.861176
0.0,347,2010.852953
0.0,560,2015.679407
0.0,417,2019.642192
0.0,596,2025.108191
0.0,556,2030.157969
0.0,351,2033.511751
0.0,415,2037.262716
0.0,539,2042.461806
0.0,288,2045.691166
0.0,610,2051.777881
200.0,556,2057.894517
0.0,429,2062.309704
0.0,293,2065.172045
0.0,472,2069.982177
0.0,599,2076.299276
0.0,288,2079.005036
200.0,485,2084.171215
0.0,466,2089.135932
0.0,666,2095.873905
200.0,412,2099.849269
0.0,461,2104.012132
0.0,480,2108.439287
0.0,544,2113.344164
0.0,540,2118.199175
200.0,602,2123.651587
200.0,475,2128.003943
0.0,463,2132.173787
0.0,279,2134.661132
0.0,287,2137.235245
0.0,341,2140.298051
0.0,567,2145.438298
0.0,436,2149.370777
0.0,292,2151.971818
0.0,415,2155.741732
0.0,362,2158.979071
0.0,615,2164.815455
0.0,526,2170.106582
200.0,653,2176.303463
0.0,479,2180.741095
0.0,677,2186.967438
0.0,528,2191.813445
0.0,543,2197.222893
0.0,284,2199.760501
0.0,478,2204.568139
0.0,366,2208.486833
0.0,553,2214.587511
0.0,535,2219.975097
0.0,482,2225.785494
0.0,538,2231.859213
0.0,496,2237.022427
0.0,477,2242.015082
0.0,351,2245.251848
0.0,528,2250.081378
200.0,544,2255.112904
0.0,362,2258.416352
0.0,421,2262.168045
0.0,539,2267.134053
0.0,405,2270.671967
0.0,649,2276.385139
0.0,475,2280.558494
0.0,356,2283.63202
0.0,339,2286.56972
0.0,355,2289.977334
200.0,728,2297.115296
0.0,601,2302.925123
0.0,354,2306.220586
0.0,443,2310.277927
200.0,411,2314.040219
200.0,531,2318.856623
0.0,608,2324.372712
0.0,412,2328.100046
0.0,606,2333.681358
0.0,736,2340.805639
0.0,593,2346.242189
0.0,522,2351.020451
0.0,590,2356.328631
0.0,414,2360.107432
0.0,474,2364.359919
0.0,483,2368.733761
0.0,346,2371.865014
200.0,669,2377.92108
0.0,480,2382.152085
0.0,408,2385.769926
0.0,653,2392.021243
0.0,612,2397.885978
0.0,556,2403.136694
0.0,349,2406.337004
0.0,406,2410.321835
0.0,423,2414.250272
0.0,608,2419.969082
0.0,413,2423.838162
0.0,372,2427.292945
0.0,427,2431.491673
0.0,614,2437.204771
0.0,594,2442.687445
0.0,412,2446.692662
200.0,511,2451.421208
0.0,345,2454.620118
0.0,527,2459.652352
0.0,466,2464.057452
200.0,594,2469.73758
0.0,401,2473.6355
200.0,430,2477.753379
0.0,416,2482.243461
0.0,424,2486.342802
0.0,539,2491.271831
200.0,743,2498.386136
0.0,572,2503.715521
0.0,406,2507.67257
0.0,659,2514.155931
200.0,428,2518.057551
200.0,354,2521.524999
0.0,546,2526.724776
0.0,739,2533.827378
0.0,534,2538.756838
0.0,533,2543.62945
0.0,550,2548.821992
0.0,470,2553.229708
0.0,473,2557.962046
0.0,409,2561.752765
0.0,277,2564.274617
0.0,433,2568.420906
0.0,603,2574.851828
0.0,346,2578.475952
200.0,405,2583.38682
0.0,631,2589.886977
200.0,417,2594.011094
0.0,472,2598.646409
0.0,357,2602.153612
0.0,594,2608.568958
0.0,420,2612.626676
0.0,370,2616.262801
0.0,563,2621.626057
0.0,654,2628.214968
200.0,536,2633.962867
0.0,633,2641.003031
200.0,605,2648.191798
0.0,670,2656.338816
0.0,270,2659.244621
0.0,352,2663.848929
0.0,282,2666.916703
0.0,420,2671.058568
0.0,430,2675.613092
200.0,509,2681.197097
0.0,276,2683.997125
0.0,414,2688.712654
0.0,489,2693.950946
0.0,530,2700.915296
0.0,275,2703.937452
200.0,436,2708.232238
0.0,400,2712.074702
0.0,539,2717.153772
0.0,660,2723.751173
0.0,278,2726.357802
0.0,438,2730.396052
0.0,537,2735.484053
0.0,490,2740.545523
200.0,423,2744.817143
200.0,527,2749.682303
0.0,529,2755.618236
0.0,703,2762.525623
0.0,544,2768.315177
0.0,520,2775.375026
0.0,341,2778.543784
0.0,470,2784.366975
0.0,557,2791.599715
0.0,635,2799.858783
0.0,471,2806.209423
200.0,473,2811.028193
200.0,365,2814.435289
0.0,476,2818.913878
0.0,417,2823.070088
0.0,462,2827.68844
0.0,498,2832.769149
200.0,568,2838.490319
200.0,666,2846.423867
0.0,479,2852.561878
0.0,412,2856.755568
200.0,356,2861.05623
0.0,526,2867.615259
0.0,542,2873.546449
0.0,479,2880.110805
0.0,552,2885.551304
0.0,372,2889.143316
0.0,471,2893.67957
200.0,684,2900.593539
0.0,414,2904.952741
200.0,536,2910.254369
0.0,663,2916.82553
0.0,482,2921.637842
0.0,411,2926.373209
0.0,431,2930.500602
0.0,649,2939.659681
0.0,408,2944.573463
0.0,561,2949.752751
200.0,463,2954.08228
0.0,478,2958.48142
0.0,343,2961.528201
400.0,627,2967.200297
0.0,291,2969.705784
0.0,660,2975.649773
0.0,412,2979.364597
0.0,659,2985.693943
0.0,425,2989.524383
200.0,631,2995.242465
0.0,345,2998.290189
200.0,505,3002.88185
0.0,674,3008.924357
0.0,406,3012.535089
0.0,412,3016.263107
0.0,593,3021.61482
0.0,545,3026.484957
0.0,668,3032.532374
0.0,414,3036.253442
0.0,417,3039.957455
0.0,441,3043.907964
0.0,466,3048.097525
0.0,599,3053.434616
0.0,679,3059.647951
0.0,663,3065.62325
200.0,599,3071.016712
0.0,460,3075.410475
200.0,336,3078.657806
0.0,614,3084.582945
200.0,719,3091.386829
0.0,479,3095.710812
200.0,412,3099.48534
200.0,532,3104.283605
0.0,472,3108.517089
0.0,354,3111.724637
0.0,533,3116.584461
0.0,412,3120.325133
0.0,405,3124.02464
0.0,489,3128.420623
200.0,481,3132.760298
0.0,304,3135.468896
0.0,520,3140.230876
0.0,407,3143.937728
0.0,591,3149.250477
0.0,661,3155.231984
0.0,658,3161.249928
0.0,549,3166.199816
200.0,408,3169.943737
0.0,537,3174.834077
0.0,564,3180.333973
0.0,485,3185.396748
0.0,402,3188.948227
0.0,347,3192.039545
0.0,468,3196.330485
200.0,593,3202.458354
0.0,348,3206.057026
200.0,611,3212.646821
0.0,449,3217.10988
0.0,556,3222.613163
0.0,413,3227.323211
200.0,348,3231.22148
200.0,473,3235.873034
200.0,488,3240.628508
0.0,591,3246.395505
0.0,466,3251.002757
200.0,528,3256.241807
0.0,295,3259.207002
0.0,404,3263.167698
200.0,481,3268.316999
0.0,480,3273.800705
0.0,346,3277.738532
0.0,502,3282.769664
0.0,404,3287.521513
0.0,414,3291.850076
0.0,553,3297.780709
0.0,469,3302.73883
0.0,472,3307.215849
0.0,417,3311.231662
0.0,404,3315.225533
0.0,525,3320.595824
400.0,473,3325.508383
200.0,537,3330.849163
0.0,435,3335.119852
0.0,484,3340.375118
0.0,527,3346.202863
0.0,471,3351.568405
0.0,491,3356.787757
0.0,476,3361.667659
0.0,412,3365.715273
0.0,467,3370.126113
0.0,342,3373.33682
0.0,540,3378.545785
0.0,348,3381.769285
0.0,516,3386.539001
0.0,297,3389.315045
0.0,729,3396.361409
0.0,372,3399.935804
0.0,362,3403.339523
0.0,402,3407.137798
200.0,529,3411.916087
0.0,499,3416.683334
0.0,559,3421.862535
0.0,410,3425.638961
0.0,527,3430.954457
0.0,369,3434.501094
0.0,351,3437.706483
0.0,445,3442.170671
200.0,479,3446.487121
0.0,341,3449.517163
0.0,726,3456.128326
0.0,487,3460.494127
0.0,468,3464.673339
0.0,429,3468.437304
0.0,472,3472.671659
0.0,414,3476.33133
0.0,415,3479.959016
0.0,411,3483.653702
0.0,731,3490.153536
200.0,537,3495.254071
200.0,467,3499.885202
200.0,411,3504.303063
200.0,476,3508.890127
0.0,357,3512.292118
0.0,472,3516.557529
0.0,415,3520.551067
0.0,525,3526.089414
400.0,473,3530.828772
0.0,376,3534.458385
0.0,472,3538.823122
200.0,656,3544.81619
200.0,539,3549.882937
0.0,392,3553.945704
200.0,477,3558.599762
200.0,588,3564.457136
0.0,471,3568.994903
0.0,590,3575.031853
0.0,732,3581.802178
200.0,539,3586.666022
0.0,283,3589.191083
0.0,589,3594.526924
200.0,658,3600.476581
0.0,491,3604.938206
400.0,662,3611.028877
0.0,276,3613.486061
0.0,476,3617.898252
0.0,522,3622.685578
0.0,586,3628.348513
0.0,494,3633.098281
0.0,337,3636.397172
0.0,473,3640.724682
0.0,274,3643.162176
0.0,537,3648.06791
0.0,335,3651.082696
0.0,532,3655.996439
0.0,458,3660.538369
0.0,642,3666.839766
0.0,411,3670.600488
0.0,452,3674.788617
0.0,455,3679.014183
200.0,512,3683.699247
0.0,711,3690.206159
0.0,343,3693.354405
0.0,382,3696.854308
0.0,422,3700.699146
200.0,608,3706.333476
0.0,673,3712.490515
0.0,424,3716.19961
0.0,525,3720.861763
0.0,532,3725.56263
0.0,547,3730.333711
0.0,540,3735.020487
200.0,469,3739.183494
0.0,581,3744.308034
0.0,494,3748.61366
0.0,599,3753.880845
200.0,525,3758.506442
200.0,593,3763.73221
0.0,421,3767.394233
0.0,525,3771.952487
200.0,675,3777.919064
0.0,477,3782.085401
200.0,631,3787.689623
200.0,661,3793.748763
200.0,608,3799.360828
200.0,600,3804.786066
0.0,541,3809.689226
0.0,342,3812.748056
0.0,501,3817.320311
0.0,283,3819.772322
200.0,568,3824.773118
0.0,473,3828.896091
200.0,578,3834.004453
0.0,352,3837.072415
0.0,465,3841.162036
0.0,550,3846.002932
0.0,538,3850.707335
0.0,425,3854.414022
0.0,542,3859.22376
0.0,597,3864.47445
0.0,286,3866.920296
0.0,497,3871.306761
200.0,483,3875.562596
0.0,533,3880.23334
200.0,545,3885.012239
0.0,639,3890.640117
0.0,479,3894.811815
0.0,369,3898.057111
0.0,589,3903.236775
0.0,410,3906.829049
0.0,534,3911.486085
0.0,411,3915.092064
0.0,537,3919.922163
0.0,342,3922.913258
0.0,367,3926.1223
200.0,523,3930.740651
0.0,401,3934.79224
0.0,464,3939.9752
0.0,344,3943.107742
200.0,478,3947.463874
200.0,538,3952.127959
0.0,531,3957.217801
0.0,478,3961.509044
0.0,401,3965.115803
0.0,474,3969.440021
0.0,531,3974.578964
0.0,529,3979.339304
0.0,312,3982.026071
0.0,311,3984.715423
0.0,279,3987.120101
0.0,596,3992.313156
0.0,349,3995.340757
0.0,483,3999.537481
0.0,530,4004.152584
0.0,539,4008.846374
0.0,524,4013.41061
0.0,537,4018.131828
200.0,434,4022.299239
200.0,525,4026.966057
0.0,414,4030.695771
0.0,504,4035.440883
0.0,354,4038.64161
200.0,540,4043.573506
0.0,534,4048.24732
0.0,353,4051.408854
200.0,500,4056.439124
0.0,406,4060.037314
200.0,406,4064.161377
0.0,554,4069.430939
0.0,450,4073.664047
200.0,530,4078.491847
0.0,532,4083.260412
0.0,297,4085.953593
0.0,493,4090.361475
200.0,484,4094.656525
0.0,401,4098.195868
0.0,300,4100.826667
200.0,424,4104.649367
0.0,349,4107.71521
0.0,412,4111.432424
0.0,406,4115.017909
0.0,408,4118.622937
0.0,519,4123.397611
0.0,473,4127.650656
0.0,414,4131.246633
0.0,667,4137.131492
0.0,517,4141.6692
0.0,481,4145.914294
200.0,600,4151.310932
0.0,507,4155.851424
0.0,541,4160.807068
0.0,578,4166.055416
400.0,605,4171.455783
0.0,346,4174.605941
0.0,405,4178.283187
0.0,524,4182.876917
0.0,476,4187.155591
400.0,612,4192.743387
0.0,409,4196.434357
200.0,542,4201.368164
0.0,468,4205.707913
0.0,495,4210.295276
0.0,407,4214.045185
0.0,412,4218.121322
0.0,494,4223.021269
0.0,397,4226.815139
200.0,486,4231.37587
0.0,342,4234.563264
0.0,547,4239.849833
0.0,669,4246.04214
0.0,395,4249.682847
0.0,423,4253.770703
0.0,519,4258.561563
0.0,409,4262.295417
0.0,423,4266.178081
0.0,561,4271.351337
0.0,449,4275.37378
0.0,709,4281.957182
0.0,798,4289.269977
0.0,591,4294.75575
0.0,431,4298.792084
0.0,606,4304.236277
0.0,415,4308.1952
0.0,469,4312.670882
0.0,534,4317.860831
0.0,276,4320.455607
200.0,404,4324.39949
0.0,366,4327.754759
200.0,529,4332.685386
0.0,350,4335.938492
0.0,407,4339.593913
0.0,479,4344.005763
0.0,544,4348.996418
0.0,528,4353.863693
200.0,424,4357.874806
200.0,664,4364.150835
0.0,523,4369.079944
0.0,564,4374.331363
0.0,399,4377.866174
0.0,362,4381.291951
0.0,456,4385.540346
0.0,596,4391.138589
0.0,532,4396.22254
0.0,390,4399.948836
200.0,350,4403.138209
0.0,579,4408.648287
0.0,438,4413.120986
0.0,598,4419.072839
0.0,458,4423.24556
0.0,534,4428.181365
0.0,521,4433.247503
0.0,481,4438.075386
0.0,488,4442.68451
0.0,542,4447.840603
0.0,497,4452.864939
0.0,360,4456.720339
0.0,345,4461.215315
0.0,287,4464.268147
0.0,534,4469.628029
0.0,489,4474.355453
200.0,568,4480.265263
0.0,501,4485.336081
200.0,710,4492.423021
0.0,485,4497.269517
0.0,462,4502.38938
0.0,464,4507.123445
0.0,407,4511.010612
200.0,535,4516.038027
0.0,607,4522.018317
0.0,459,4526.585167
0.0,549,4531.944021
0.0,409,4536.120056
0.0,428,4540.254448
0.0,663,4546.686202
0.0,339,4549.870392
0.0,441,4554.208365
0.0,465,4558.899632
0.0,634,4565.808167
0.0,591,4571.506643
0.0,545,4576.617173
0.0,354,4579.927385
0.0,534,4585.041647
0.0,483,4589.719535
0.0,342,4592.959591
400.0,546,4598.314376
0.0,368,4601.786671
0.0,594,4607.504727
0.0,393,4611.317205
0.0,493,4616.081354
0.0,345,4619.361331
200.0,606,4625.070096
0.0,494,4629.770575
0.0,481,4634.334251
0.0,482,4638.999239
0.0,540,4644.099514
0.0,652,4650.760671
400.0,682,4658.085163
0.0,346,4662.324821
0.0,411,4666.508674
0.0,494,4671.534553
0.0,351,4675.031529
0.0,523,4680.207014
200.0,530,4685.68749
0.0,537,4690.821652
0.0,614,4697.472416
200.0,648,4705.311341
0.0,533,4712.720159
0.0,303,4716.394907
0.0,397,4720.874941
0.0,634,4727.59837
0.0,497,4732.685722
200.0,525,4738.295892
200.0,534,4743.456313
0.0,361,4746.680254
0.0,600,4752.251445
0.0,432,4756.175927
0.0,614,4761.672127
0.0,410,4765.377469
0.0,341,4768.417729
200.0,546,4773.280835
0.0,288,4775.841792
0.0,478,4780.314098
0.0,483,4785.355057
0.0,499,4790.112328
0.0,562,4795.645204
0.0,527,4801.082458
200.0,651,4807.446938
0.0,569,4813.11479
0.0,519,4818.639555
0.0,593,4824.417137
0.0,295,4827.589208
600.0,734,4837.914099
0.0,477,4844.044042
200.0,663,4852.537002
0.0,645,4860.023831
0.0,368,4863.769964
0.0,414,4867.711018
0.0,525,4873.140188
0.0,473,4877.814852
0.0,559,4883.299266
0.0,286,4885.900296
200.0,404,4889.589923
0.0,375,4893.020842
0.0,535,4897.920442
200.0,591,4903.300328
0.0,475,4907.639868
0.0,622,4913.387866
0.0,350,4916.558085
200.0,513,4921.253867
200.0,585,4926.694539
0.0,473,4930.993399
0.0,400,4934.624967
200.0,662,4940.500632
0.0,592,4945.662366
0.0,587,4950.89307
0.0,396,4954.446495
0.0,340,4957.610157
200.0,590,4963.03965
200.0,501,4967.558823
0.0,405,4971.210328
0.0,417,4974.991462
0.0,480,4979.252223
0.0,281,4981.675879
0.0,544,4986.450969
0.0,405,4990.003562
200.0,472,4994.154242
200.0,533,4998.867194
0.0,526,5003.526652
200.0,714,5010.270366
0.0,347,5013.731541
200.0,479,5018.487388
0.0,409,5022.121441
0.0,432,5026.118891
0.0,412,5029.972593
0.0,277,5032.481614
0.0,601,5037.826162
0.0,539,5042.705544
0.0,583,5048.262493
0.0,528,5053.120905
0.0,637,5059.196644
200.0,702,5065.637998
0.0,483,5070.102947
0.0,391,5073.874193
0.0,433,5078.137103
200.0,539,5083.591933
0.0,306,5087.152408
400.0,502,5092.676664
200.0,536,5098.263366
200.0,574,5104.22845
0.0,510,5109.604358
0.0,344,5113.241627
200.0,706,5120.761508
200.0,511,5126.079279
200.0,671,5133.133031
0.0,313,5136.186471
0.0,513,5141.355621
200.0,776,5149.179638
0.0,545,5154.811857
200.0,619,5161.372473
0.0,476,5166.464932
200.0,504,5171.4835
200.0,669,5177.914296
0.0,528,5183.009682
0.0,538,5188.241665
0.0,585,5193.781842
0.0,480,5198.268838
0.0,653,5204.484209
0.0,587,5210.364033
0.0,564,5217.150586
0.0,391,5221.323403
0.0,448,5225.911416
0.0,549,5231.707658
0.0,287,5234.470599
200.0,515,5239.61216
0.0,412,5243.751661
0.0,475,5248.576465
0.0,658,5255.500307
0.0,475,5260.152961
0.0,307,5263.142879
0.0,597,5269.14293
0.0,342,5272.60469
0.0,525,5278.076867
0.0,498,5283.711362
0.0,644,5290.704359
0.0,604,5297.328412
0.0,507,5302.692066
0.0,465,5307.629641
0.0,535,5313.471951
0.0,372,5317.490951
0.0,651,5324.471836
0.0,444,5329.200607
0.0,280,5332.165204
0.0,481,5337.196701
0.0,368,5341.165135
0.0,526,5346.281173
0.0,527,5351.816665
0.0,531,5357.587671
0.0,407,5361.900876
0.0,468,5366.811817
200.0,860,5376.102474
0.0,345,5379.699405
0.0,647,5386.546598
0.0,460,5391.372041
0.0,314,5394.909362
0.0,445,5399.589565
0.0,692,5406.956157
200.0,528,5412.535458
200.0,367,5416.546185
0.0,423,5421.136122
0.0,417,5425.587235
400.0,664,5433.285288
200.0,466,5438.956325
400.0,456,5444.007352
0.0,402,5448.278523
0.0,346,5451.890514
0.0,295,5454.999174
0.0,574,5461.090688
0.0,344,5464.681649
0.0,466,5469.607215
0.0,277,5472.544641
0.0,544,5478.327971
0.0,587,5484.646047
0.0,470,5489.697053
0.0,375,5493.812276
0.0,682,5501.123328
0.0,442,5505.674765
0.0,360,5509.257854
0.0,453,5513.67465
0.0,536,5518.953831
200.0,484,5523.883305
0.0,558,5529.511274
0.0,473,5534.426546
200.0,535,5539.969238
0.0,482,5544.874056
0.0,537,5550.134918
400.0,728,5557.251323
0.0,456,5561.682282
0.0,480,5566.320639
0.0,588,5572.002624
0.0,467,5576.461246
0.0,530,5581.569268
0.0,534,5586.66117
0.0,462,5591.095725
0.0,276,5593.758857
0.0,479,5598.427233
200.0,585,5603.919799
200.0,466,5608.39242
0.0,824,5616.164662
0.0,402,5619.929425
0.0,457,5624.328382
0.0,740,5631.267365
0.0,476,5635.852413
0.0,625,5641.828074
0.0,402,5645.734999
0.0,724,5653.176267
0.0,536,5658.458574
0.0,419,5662.662864
0.0,583,5668.614002
0.0,662,5675.51888
0.0,476,5680.530056
0.0,556,5686.050156
0.0,611,5692.141266
0.0,557,5697.493191
0.0,474,5701.974024
0.0,661,5708.420317
0.0,517,5713.231946
200.0,373,5716.656272
200.0,532,5721.542127
0.0,539,5726.7271
0.0,497,5732.18687
200.0,423,5736.707856
0.0,431,5740.773066
0.0,537,5746.000244
200.0,340,5749.082653
200.0,588,5754.695801
0.0,595,5760.448839
0.0,484,5765.909575
200.0,598,5771.993077
0.0,601,5777.804775
0.0,530,5782.958558
400.0,706,5790.243747
0.0,406,5794.304256
0.0,524,5799.611134
0.0,439,5803.817415
0.0,312,5807.07132
0.0,591,5812.901009
0.0,405,5817.092131
0.0,394,5820.881764
200.0,506,5825.847782
0.0,662,5832.423872
0.0,341,5835.996762
200.0,532,5841.704315
0.0,537,5847.520901
0.0,511,5852.84626
0.0,577,5858.917394
600.0,561,5864.426783
200.0,495,5869.379113
400.0,678,5876.56895
0.0,482,5881.673011
200.0,514,5886.736959
0.0,509,5891.637727
0.0,282,5894.475317
0.0,341,5898.130146
0.0,407,5902.516191
0.0,596,5908.994957
0.0,422,5913.198965
0.0,458,5917.567547
0.0,364,5921.121558
0.0,536,5926.476213
0.0,689,5933.420367
0.0,680,5940.021888
200.0,437,5944.279691
0.0,660,5950.926559
0.0,529,5956.032743
200.0,537,5961.450172
0.0,344,5964.637724
0.0,595,5970.231512
0.0,340,5973.537458
0.0,507,5978.76965
0.0,532,5984.253393
0.0,528,5991.013399
0.0,621,5997.86724
0.0,459,6002.97113
0.0,393,6007.012037
200.0,395,6011.369106
600.0,633,6017.910009
200.0,575,6023.276875
0.0,294,6025.962801
0.0,580,6031.456105
0.0,413,6035.365375
0.0,405,6039.102333
0.0,415,6042.942378
0.0,471,6047.388134
200.0,409,6051.115956
200.0,545,6056.075642
0.0,530,6061.005168
400.0,443,6065.022804
0.0,360,6068.28054
0.0,460,6072.422053
600.0,542,6077.679667
0.0,281,6080.541827
0.0,530,6086.569324
0.0,526,6091.542151
200.0,736,6098.96989
0.0,583,6104.633658
0.0,541,6109.931502
200.0,510,6114.703427
0.0,485,6119.264003
0.0,421,6123.229541
0.0,777,6130.800833
0.0,524,6136.221036
0.0,649,6142.93575
0.0,344,6146.33342
0.0,394,6150.224651
200.0,558,6155.692518
0.0,400,6159.503895
200.0,470,6164.153215
200.0,407,6168.091171
400.0,601,6174.130376
0.0,477,6178.53827
0.0,577,6184.423615
0.0,284,6187.035793
0.0,535,6192.135667
0.0,393,6195.806018
200.0,440,6200.013315
200.0,589,6206.555701
0.0,526,6212.088084
0.0,470,6216.772673
0.0,356,6220.79479
400.0,749,6228.843721
0.0,468,6233.833271
0.0,394,6238.017393
0.0,274,6240.834838
200.0,637,6247.083391
0.0,406,6250.836775
0.0,406,6254.608125
200.0,378,6258.675347
0.0,453,6263.44858
0.0,493,6268.958935
0.0,610,6275.655569
0.0,530,6281.263206
200.0,638,6287.518419
0.0,641,6293.433599
0.0,521,6298.219103
0.0,665,6304.308806
200.0,713,6310.830346
0.0,536,6315.719296
200.0,753,6322.623535
0.0,579,6327.889581
0.0,468,6332.125765
200.0,740,6338.891121
400.0,671,6345.043005
200.0,617,6350.658049
400.0,597,6356.107336
0.0,495,6360.588399
0.0,361,6363.84608
0.0,507,6368.440255
0.0,465,6372.6695
200.0,472,6376.937019
0.0,451,6381.046282
0.0,527,6385.875149
200.0,497,6390.386709
0.0,361,6393.657226
0.0,407,6397.370965
0.0,533,6402.225225
200.0,349,6405.425574
0.0,542,6410.318162
0.0,457,6414.450594
400.0,686,6420.700441
0.0,530,6425.509433
0.0,343,6428.644572
0.0,536,6433.636271
200.0,421,6437.641482
0.0,416,6441.476324
0.0,478,6445.917121
0.0,569,6451.189378
200.0,433,6455.170634
0.0,467,6459.476986
0.0,273,6461.94363
0.0,429,6466.003294
0.0,459,6470.199404
0.0,414,6474.002004
200.0,486,6478.451357
0.0,478,6482.85451
0.0,405,6486.576543
0.0,545,6491.615151
200.0,707,6498.138031
0.0,412,6501.925351
400.0,571,6507.228746
0.0,594,6512.692739
0.0,414,6516.505118
0.0,538,6521.483304
0.0,347,6524.654904
0.0,607,6530.232286
200.0,574,6535.559074
200.0,576,6540.889302
0.0,701,6547.407492
0.0,409,6551.265423
0.0,501,6555.873543
0.0,345,6559.050278
200.0,364,6562.372129
0.0,581,6567.801442
200.0,566,6573.101946
200.0,511,6577.879527
0.0,525,6583.438797
0.0,527,6588.976371
0.0,606,6595.211896
0.0,717,6603.500174
0.0,562,6609.449472
0.0,648,6616.221601
200.0,410,6620.574784
200.0,518,6626.141154
0.0,405,6630.138484
0.0,554,6635.948885
0.0,450,6640.813217
0.0,426,6644.982475
0.0,425,6649.291624
0.0,347,6652.608494
0.0,651,6658.705331
0.0,367,6662.083812
600.0,634,6668.086605
0.0,649,6674.079279
0.0,520,6678.811795
0.0,511,6683.476181
0.0,457,6687.621923
0.0,315,6690.474054
0.0,502,6694.994899
200.0,485,6699.422556
200.0,652,6705.357323
200.0,613,6710.950632
0.0,402,6714.582807
0.0,405,6718.255781
0.0,692,6724.602187
0.0,406,6728.289707
0.0,375,6731.68009
0.0,541,6736.594428
0.0,517,6741.341187
200.0,645,6747.252277
0.0,281,6749.758832
0.0,409,6753.620771
0.0,434,6757.606266
0.0,405,6761.27784
0.0,525,6765.927739
0.0,484,6770.181261
200.0,472,6774.357429
0.0,653,6780.164849
200.0,461,6784.572507
0.0,585,6789.874697
0.0,360,6793.146316
0.0,279,6795.679024
0.0,349,6798.995373
0.0,503,6803.630053
0.0,407,6807.332837
200.0,610,6812.899363
200.0,400,6816.548255
0.0,335,6819.557605
0.0,659,6825.581858
0.0,463,6829.799594
0.0,693,6836.177273
0.0,539,6841.19535
0.0,538,6846.103424
0.0,367,6849.401558
200.0,556,6854.458546
0.0,394,6858.049809
0.0,540,6862.971739
0.0,470,6867.266024
400.0,623,6872.930924
0.0,358,6876.163347
0.0,281,6878.721618
400.0,511,6883.348124
400.0,780,6890.471617
0.0,399,6894.060109
200.0,520,6898.815862
200.0,371,6902.190298
0.0,531,6906.99747
0.0,475,6911.295724
0.0,506,6915.876432
0.0,533,6920.76037
400.0,546,6925.752082
200.0,510,6930.382007
0.0,524,6935.093057
0.0,479,6939.447694
200.0,440,6943.435927
0.0,543,6948.379826
0.0,486,6952.786487
0.0,369,6956.137919
200.0,616,6961.745761
0.0,587,6967.075697
0.0,398,6970.805229
400.0,482,6975.254703
0.0,388,6978.926453
0.0,648,6984.961226
400.0,594,6990.878188
0.0,281,6993.876524
0.0,538,6998.970222
0.0,380,7002.5154
0.0,466,7006.880303
0.0,459,7011.961246
0.0,450,7016.767264
0.0,641,7023.441628
200.0,426,7027.955066
0.0,291,7030.732198
200.0,382,7034.489404
200.0,527,7040.428821
0.0,600,7046.768946
200.0,468,7051.33821
0.0,583,7057.225502
200.0,503,7062.351819
200.0,647,7068.869678
0.0,529,7074.193151
0.0,531,7079.503952
400.0,654,7085.892095
0.0,280,7088.596854
0.0,290,7091.495648
0.0,583,7096.983927
0.0,461,7101.43671
0.0,365,7105.073323
0.0,648,7112.022071
200.0,512,7117.197237
200.0,523,7122.328792
200.0,568,7127.763475
0.0,484,7132.818624
0.0,533,7138.417765
0.0,427,7142.742624
0.0,597,7148.400476
0.0,398,7152.264625
0.0,512,7157.443879
200.0,493,7162.248811
200.0,578,7168.173971
200.0,498,7172.998099
0.0,346,7176.64482
200.0,600,7182.248672
0.0,401,7186.050099
0.0,344,7189.601319
200.0,379,7193.285303
200.0,490,7197.986738
0.0,432,7201.911253
0.0,612,7207.534623
0.0,573,7212.78924
0.0,438,7216.787182
200.0,584,7223.042425
0.0,461,7227.756283
0.0,377,7231.533435
0.0,658,7238.029428
0.0,376,7241.764933
200.0,402,7245.87564
0.0,568,7251.632537
0.0,696,7258.70274
200.0,596,7264.716519
200.0,452,7268.973987
200.0,419,7273.123505
200.0,573,7278.427247
0.0,522,7283.273935
200.0,428,7287.246143
200.0,581,7292.565917
200.0,508,7297.199626
600.0,502,7301.843136
0.0,438,7306.153193
200.0,450,7310.528262
0.0,534,7315.54272
0.0,659,7321.823626
200.0,696,7328.925615
0.0,394,7333.213216
200.0,720,7340.406678
0.0,633,7346.336176
0.0,300,7349.287369
0.0,543,7354.545845
0.0,596,7360.679912
0.0,565,7366.452486
0.0,467,7370.940992
200.0,487,7376.27072
0.0,526,7381.868359
0.0,357,7385.505991
0.0,527,7391.156606
0.0,469,7395.97509
0.0,390,7399.899419
400.0,572,7405.684881
200.0,478,7410.952444
200.0,379,7415.072015
0.0,628,7422.127886
0.0,501,7427.674958
0.0,660,7435.310874
0.0,414,7439.733824
0.0,283,7442.659649
200.0,608,7449.172865
0.0,402,7453.496862
0.0,457,7457.609227
200.0,580,7463.410671
0.0,540,7469.415918
400.0,459,7474.63308
0.0,439,7479.900496
0.0,587,7486.19965
0.0,509,7491.539026
200.0,517,7497.108666
200.0,485,7502.184042
200.0,590,7507.928662
600.0,617,7513.991333
200.0,477,7518.654774
0.0,532,7523.77439
0.0,468,7528.428591
200.0,604,7534.371346
0.0,469,7538.878365
0.0,626,7545.137661
0.0,401,7549.096775
0.0,411,7553.127381
200.0,466,7557.660516
0.0,523,7562.891398
0.0,540,7568.742558
200.0,493,7573.723977
0.0,534,7579.239451
0.0,604,7585.413173
0.0,535,7591.057117
0.0,448,7595.742695
0.0,279,7598.427623
0.0,494,7603.814466
0.0,629,7610.750968
0.0,344,7614.398918
200.0,502,7619.855619
200.0,518,7625.039358
0.0,517,7630.533216
0.0,493,7635.317609
0.0,464,7639.546014
400.0,583,7644.897133
0.0,655,7650.889129
0.0,403,7654.576153
400.0,539,7659.605302
0.0,502,7664.228532
0.0,686,7670.703009
200.0,457,7674.8597
0.0,536,7679.873919
0.0,589,7685.38114
200.0,521,7690.53722
0.0,488,7695.832701
0.0,563,7702.186233
0.0,633,7708.646726
200.0,468,7713.451879
0.0,523,7718.564822
0.0,413,7722.630592
0.0,430,7726.919607
0.0,474,7731.658538
0.0,646,7738.121288
200.0,665,7744.891125
0.0,379,7748.591986
200.0,548,7754.070155
0.0,453,7758.245983
0.0,504,7763.105146
200.0,605,7769.135104
0.0,499,7773.852212
200.0,439,7778.261515
400.0,526,7783.696805
200.0,518,7788.891749
0.0,654,7795.141247
0.0,650,7801.150351
200.0,536,7805.990633
0.0,510,7810.650603
0.0,452,7814.741265
0.0,586,7820.164284
0.0,598,7825.829929
0.0,578,7831.665489
200.0,374,7835.083803
0.0,521,7840.457995
200.0,398,7844.425006
0.0,281,7847.239235
0.0,593,7853.091567
200.0,458,7857.446927
0.0,292,7860.289324
200.0,518,7865.4775
0.0,340,7868.791442
200.0,537,7874.06139
200.0,436,7878.160842
0.0,520,7882.960361
0.0,552,7887.984172
800.0,518,7892.716591
0.0,516,7897.436698
0.0,523,7902.187981
0.0,409,7906.017984
0.0,603,7911.644702
0.0,515,7916.315764
200.0,434,7920.268106
400.0,841,7927.996464
200.0,579,7933.348663
0.0,472,7937.658707
0.0,629,7943.450532
0.0,532,7948.267698
200.0,679,7954.480976
200.0,790,7961.709514
0.0,410,7965.429693
0.0,553,7970.502434
0.0,285,7973.075153
0.0,509,7977.713029
0.0,552,7982.730478
0.0,441,7986.746422
0.0,410,7990.494108
0.0,279,7993.019337
0.0,408,7996.72021
0.0,402,8000.358206
0.0,407,8004.079689
0.0,286,8006.647723
0.0,479,8011.00969
200.0,524,8015.84998
0.0,527,8020.767559
0.0,532,8025.666206
0.0,469,8029.965386
0.0,472,8034.558217
0.0,534,8039.533222
200.0,437,8043.751239
0.0,400,8047.57628
0.0,566,8052.886043
400.0,629,8058.905966
0.0,563,8064.245676
200.0,505,8069.601281
0.0,629,8076.12926
400.0,468,8080.736524
0.0,386,8084.332983
200.0,544,8089.45293
0.0,466,8093.921368
200.0,444,8098.298392
0.0,393,8101.952266
0.0,400,8105.66982
0.0,404,8110.04256
200.0,396,8114.10766
200.0,520,8119.447116
0.0,464,8123.894291
0.0,587,8129.402457
0.0,439,8133.62366
0.0,522,8138.617005
0.0,646,8145.156662
400.0,475,8150.188606
0.0,532,8155.848422
0.0,412,8160.241948
200.0,732,8167.714913
0.0,513,8172.553325
0.0,420,8176.462069
0.0,434,8180.442388
200.0,560,8185.607794
0.0,535,8190.584863
300.0,697,8197.358642
200.0,482,8201.848347
0.0,397,8205.523309
0.0,434,8209.849048
0.0,536,8214.84342
0.0,399,8218.548717
0.0,541,8223.560029
0.0,467,8227.939631
0.0,524,8232.797392
0.0,577,8238.312712
0.0,358,8241.668952
0.0,483,8246.252782
200.0,603,8253.722379
200.0,492,8259.754106
0.0,562,8266.405896
200.0,415,8270.357659
0.0,282,8273.056578
0.0,645,8279.382502
0.0,577,8285.120338
0.0,398,8289.682826
0.0,410,8294.095062
0.0,410,8298.240645
0.0,644,8304.519008
200.0,638,8310.770738
400.0,644,8317.618116
0.0,521,8322.791715
0.0,334,8326.417279
0.0,466,8331.595742
200.0,631,8338.448989
0.0,648,8344.707053
200.0,375,8348.349236
200.0,533,8354.308743
0.0,287,8356.977385
0.0,472,8361.816364
0.0,600,8368.141185
0.0,467,8372.980669
200.0,504,8379.026873
200.0,453,8384.03604
0.0,406,8388.142444
400.0,594,8393.981454
0.0,403,8398.045633
0.0,550,8403.452083
0.0,523,8408.45828
0.0,457,8413.115782
0.0,402,8416.912866
0.0,398,8420.652388
200.0,564,8425.944053
200.0,643,8432.046919
0.0,529,8436.88197
0.0,396,8440.448803
0.0,596,8446.54951
400.0,624,8452.449364
0.0,490,8457.392843
0.0,509,8462.815824
0.0,479,8467.674344
0.0,407,8471.661468
0.0,474,8476.444295
0.0,464,8480.968352
0.0,485,8485.590411
400.0,495,8490.204018
0.0,377,8493.7224
0.0,411,8497.529977
600.0,687,8503.894837
0.0,495,8508.433238
0.0,523,8513.214735
0.0,661,8519.240789
0.0,482,8523.693202
200.0,517,8528.552198
200.0,553,8533.563624
0.0,648,8541.224507
0.0,646,8547.227305
200.0,656,8553.337466
0.0,628,8559.168783
0.0,520,8563.992944
0.0,565,8569.296464
0.0,404,8573.092957
0.0,651,8579.07497
0.0,512,8583.745795
0.0,462,8587.959232
0.0,302,8590.701736
200.0,548,8596.3405
200.0,639,8602.356899
0.0,434,8606.826601
0.0,581,8612.278958
0.0,335,8615.37638
0.0,529,8620.333492
200.0,566,8625.594308
0.0,585,8631.252829
0.0,535,8636.41172
0.0,403,8640.569099
0.0,397,8644.497762
0.0,517,8649.903411
0.0,461,8654.271001
200.0,637,8660.409198
200.0,476,8664.869554
200.0,550,8670.187742
200.0,517,8675.135547
0.0,456,8679.538868
400.0,612,8685.53555
0.0,285,8688.644164
0.0,438,8692.817703
200.0,415,8696.675899
0.0,412,8700.490862
0.0,387,8704.07314
600.0,609,8709.74792
0.0,312,8712.656314
200.0,502,8717.388099
0.0,466,8721.70928
0.0,462,8725.964468
200.0,426,8729.849433
0.0,666,8735.942256
400.0,576,8741.180957
0.0,416,8745.006983
0.0,531,8749.868766
0.0,406,8753.54981
400.0,593,8758.959668
0.0,652,8764.996851
200.0,472,8769.291576
1000.0,689,8775.621813
0.0,519,8780.344561
0.0,519,8785.124717
200.0,480,8789.498929
0.0,409,8793.262066
0.0,579,8798.592038
0.0,501,8803.162189
0.0,633,8809.06994
0.0,535,8813.977107
0.0,606,8819.512605
0.0,603,8825.034322
0.0,461,8829.284244
0.0,526,8834.792445
0.0,469,8839.208256
0.0,435,8843.156279
0.0,508,8847.817181
0.0,462,8852.035051
0.0,341,8855.18061
0.0,617,8861.47893
200.0,562,8867.178147
0.0,652,8873.772758
0.0,405,8877.745223
0.0,536,8883.122013
0.0,421,8887.234771
0.0,405,8891.258773
0.0,282,8893.910961
0.0,356,8897.40941
0.0,495,8902.328043
0.0,667,8908.473024
0.0,422,8912.343754
200.0,541,8917.282392
0.0,490,8921.792121
0.0,469,8926.104365
0.0,479,8930.505204
0.0,339,8933.594587
0.0,339,8936.667648
0.0,317,8939.535229
0.0,400,8943.219665
0.0,347,8946.357423
0.0,661,8952.436326
0.0,547,8957.422659
0.0,474,8961.76447
0.0,417,8965.602494
200.0,708,8972.157109
0.0,280,8974.705008
0.0,420,8978.551134
0.0,415,8982.327482
0.0,413,8986.10528
0.0,281,8988.680007
0.0,356,8991.954155
0.0,464,8996.173512
0.0,406,8999.890597
0.0,467,9004.179127
0.0,277,9006.688487
0.0,284,9009.300078
0.0,335,9012.342719
0.0,404,9016.054673
0.0,404,9019.757346
0.0,337,9022.81073
0.0,338,9025.85257
0.0,401,9029.552823
0.0,339,9032.610981
0.0,279,9035.163424
0.0,600,9040.679752
0.0,343,9043.80413
0.0,702,9050.263459
0.0,661,9056.368574
0.0,470,9060.668645
400.0,432,9064.675739
0.0,382,9068.18729
0.0,276,9070.69054
0.0,468,9074.965146
0.0,281,9077.536951
0.0,460,9081.723577
0.0,413,9085.482304
0.0,339,9088.575809
0.0,338,9091.661158
400.0,598,9097.128775
0.0,347,9100.305045
0.0,341,9103.399759
0.0,537,9108.370032
0.0,401,9112.013238
0.0,345,9115.171246
0.0,467,9119.385777
0.0,544,9124.391744
0.0,467,9128.66876
0.0,412,9132.438457
0.0,524,9137.327457
0.0,531,9142.338121
0.0,530,9147.186634
200.0,435,9151.155724
0.0,277,9153.6646
0.0,280,9156.19669
200.0,385,9159.693496
0.0,530,9164.490661
200.0,340,9167.642414
400.0,569,9172.83375
0.0,406,9176.529438
0.0,451,9180.649936
0.0,452,9184.775865
0.0,469,9189.111072
0.0,418,9192.921717
0.0,482,9197.368671
0.0,462,9201.570193
0.0,456,9205.721862
400.0,438,9209.801955
0.0,340,9213.04919
0.0,277,9215.739071
0.0,483,9220.158539
200.0,718,9226.739822
0.0,574,9231.994025
0.0,341,9235.088007
200.0,558,9240.231799
0.0,455,9244.349399
0.0,579,9249.675433
200.0,517,9254.391594
0.0,601,9259.935936
0.0,540,9264.885614
0.0,472,9269.219615
0.0,341,9272.328252
0.0,472,9276.62738
200.0,445,9280.717028
0.0,389,9284.238683
200.0,493,9288.773257
0.0,488,9293.260174
0.0,558,9298.38337
200.0,644,9304.375648
0.0,404,9308.111034
0.0,457,9312.321701
200.0,658,9318.424
0.0,487,9322.929737
0.0,285,9325.509287
0.0,442,9329.554239
0.0,428,9333.471421
0.0,404,9337.135225
0.0,411,9340.909635
0.0,462,9345.153504
0.0,291,9347.771654
600.0,553,9352.907292
200.0,483,9357.299221
0.0,400,9360.934574
0.0,609,9366.553404
0.0,285,9369.163668
0.0,517,9373.904003
0.0,400,9377.583362
0.0,281,9380.11145
0.0,473,9384.452591
200.0,556,9389.626239
0.0,474,9394.062791
0.0,344,9397.458931
0.0,281,9399.963366
0.0,524,9405.008967
0.0,552,9410.160849
0.0,288,9412.869972
0.0,468,9417.223209
0.0,487,9421.920746
0.0,469,9426.457285
0.0,429,9430.725518
0.0,400,9434.721164
200.0,525,9439.854359
0.0,314,9442.680358
200.0,597,9448.162905
0.0,409,9451.859039
200.0,477,9456.215315
0.0,339,9459.262583
0.0,604,9464.756617
0.0,487,9469.165774
200.0,472,9473.462788
200.0,476,9477.780725
0.0,590,9483.130986
0.0,352,9486.328046
0.0,464,9490.550021
0.0,622,9496.208442
0.0,399,9499.801611
0.0,473,9504.118835
0.0,275,9506.558094
200.0,497,9511.080714
0.0,405,9514.740558
200.0,361,9517.966055
0.0,456,9522.08606
200.0,716,9528.62231
0.0,406,9532.28121
0.0,524,9537.030565
200.0,504,9541.592113
0.0,485,9545.988907
0.0,499,9550.524716
200.0,632,9556.265454
0.0,530,9561.127995
600.0,565,9566.292339
0.0,447,9570.351632
0.0,523,9575.158723
0.0,653,9581.129116
200.0,442,9585.133682
0.0,617,9590.753681
0.0,502,9595.288954
400.0,564,9600.439102
200.0,408,9604.142769
0.0,309,9606.969489
0.0,517,9611.682701
0.0,343,9614.778018
0.0,533,9619.632015
200.0,380,9623.057728
0.0,431,9627.00143
200.0,366,9630.319267
0.0,550,9635.329598
0.0,498,9639.877803
0.0,631,9645.691309
0.0,493,9650.155098
400.0,659,9656.236622
0.0,630,9661.953329
0.0,416,9665.699879
0.0,410,9669.410622
0.0,371,9672.780913
200.0,495,9677.277996
0.0,595,9682.711297
200.0,558,9687.814548
200.0,392,9691.358192
0.0,401,9694.966549
0.0,340,9698.036345
0.0,458,9702.170499
0.0,477,9706.527199
200.0,513,9711.174818
0.0,367,9714.482303
200.0,515,9719.169085
0.0,399,9722.795334
200.0,597,9728.227355
200.0,393,9731.822414
0.0,540,9736.71623
0.0,415,9740.510735
0.0,541,9745.564149
0.0,485,9749.943633
0.0,570,9755.140812
0.0,462,9759.352062
0.0,603,9764.850265
200.0,470,9769.111204
0.0,456,9773.22654
200.0,547,9778.197671
0.0,453,9782.29728
200.0,407,9785.976175
0.0,662,9792.183771
0.0,523,9796.9941
200.0,422,9800.941797
0.0,533,9805.987396
0.0,619,9811.740148
0.0,335,9814.70814
0.0,535,9819.578859
0.0,487,9823.949246
0.0,340,9826.968858
0.0,467,9831.160095
200.0,375,9834.475942
0.0,398,9838.0406
0.0,285,9840.558339
0.0,453,9844.601221
0.0,397,9848.101679
0.0,311,9850.761834
200.0,363,9854.076463
200.0,347,9857.201411
200.0,705,9863.594378
0.0,342,9866.675644
200.0,443,9870.643463
200.0,585,9875.986739
0.0,499,9880.463585
0.0,345,9883.555724
200.0,367,9886.849213
200.0,565,9892.027409
0.0,347,9895.121276
0.0,456,9899.210569
0.0,609,9904.719518
0.0,380,9908.12638
200.0,562,9913.208559
0.0,852,9920.991535
400.0,491,9925.445285
0.0,540,9930.322774
200.0,478,9934.617529
0.0,644,9940.413132
0.0,544,9945.340539
0.0,334,9948.333118
200.0,399,9951.924151
0.0,473,9956.165388
100.0,570,9961.288968
200.0,494,9965.749302
0.0,333,9968.715966
0.0,602,9974.133519
0.0,434,9978.042167
0.0,533,9982.839452
0.0,467,9987.042942
0.0,594,9992.394921
0.0,487,9996.77792
0.0,364,10000.051401
0.0,363,10003.287504
0.0,463,10007.543014
200.0,486,10011.907242
0.0,413,10015.619858
0.0,479,10019.920196
0.0,408,10023.954454
0.0,536,10029.054706
0.0,466,10033.647712
0.0,413,10038.253968
0.0,449,10042.516093
