# {"env_id": "KangarooNoFrameskip-v4", "t_start": 1554392753.680246} 
r,l,t
0.0,469,48.619648
200.0,346,50.129897
0.0,360,51.937946
0.0,490,55.796067
0.0,498,57.70932
0.0,293,58.842654
400.0,733,61.846232
0.0,376,63.301714
200.0,603,65.636751
0.0,474,67.473771
0.0,677,70.279022
0.0,287,71.362301
0.0,612,73.936836
0.0,471,76.228274
0.0,357,77.65148
200.0,609,80.256973
0.0,549,82.506835
0.0,416,84.222899
200.0,605,86.898401
0.0,471,88.751369
0.0,482,98.380039
0.0,344,102.22974
0.0,485,107.648243
0.0,359,111.739252
200.0,476,117.031122
0.0,399,121.479966
400.0,534,128.096459
0.0,340,132.11315
0.0,560,139.30479
0.0,604,146.765574
200.0,614,154.484771
0.0,603,161.805689
0.0,287,165.211277
0.0,607,172.512265
0.0,416,177.635563
0.0,490,183.602646
0.0,482,189.526729
0.0,410,194.439559
200.0,542,201.018588
0.0,476,207.062021
0.0,547,214.0412
0.0,484,219.618228
0.0,403,224.140464
0.0,412,228.72776
0.0,466,233.982958
0.0,278,237.040761
0.0,533,243.002939
0.0,482,248.475777
0.0,352,252.886971
0.0,593,260.299428
0.0,345,264.606861
0.0,408,269.700056
0.0,682,277.828797
0.0,484,283.306659
200.0,537,289.348879
0.0,427,294.145452
0.0,290,297.321301
200.0,675,305.734228
0.0,298,309.373056
200.0,482,315.235247
0.0,447,320.640727
0.0,418,325.729417
0.0,361,330.157769
200.0,615,337.717838
200.0,511,343.945253
0.0,468,349.636824
0.0,419,354.7443
0.0,374,359.32457
0.0,365,363.795508
0.0,547,370.484748
200.0,532,377.049239
200.0,347,381.256458
0.0,372,385.765321
0.0,363,390.29201
0.0,404,395.346587
0.0,478,401.181112
0.0,443,406.9065
0.0,286,410.561289
0.0,517,417.361716
0.0,434,422.283772
0.0,725,431.245839
0.0,483,437.567024
200.0,534,444.953069
0.0,569,452.02974
0.0,530,458.607827
200.0,416,464.249427
0.0,420,469.750069
0.0,530,476.215816
0.0,426,481.161692
0.0,544,487.545266
0.0,662,495.479748
0.0,404,500.07093
0.0,482,505.650386
0.0,432,510.499279
0.0,400,515.553878
200.0,463,521.689315
0.0,419,526.834301
0.0,408,531.751386
0.0,282,535.195905
0.0,288,538.704507
0.0,472,544.70628
0.0,350,549.283874
0.0,411,554.453622
200.0,540,561.250223
0.0,406,566.2373
0.0,535,573.161168
0.0,281,576.505431
0.0,529,583.203569
0.0,463,589.049802
0.0,288,592.632392
0.0,471,598.393755
0.0,553,605.548031
200.0,649,614.113965
0.0,279,617.715136
0.0,368,622.752941
0.0,678,632.007944
0.0,417,637.523965
0.0,492,643.528537
0.0,560,650.414103
0.0,494,656.459235
0.0,493,662.564383
0.0,408,668.045284
0.0,613,675.804085
0.0,289,681.300812
0.0,551,688.478816
0.0,545,695.906288
0.0,521,702.728467
200.0,595,710.585198
0.0,417,715.871045
0.0,471,721.332182
0.0,367,725.502906
0.0,671,733.165951
0.0,487,738.70816
0.0,613,745.628607
200.0,483,751.139862
200.0,560,757.516829
0.0,417,762.197306
200.0,462,767.355506
0.0,302,770.716486
0.0,447,775.799443
0.0,535,781.833327
0.0,609,788.838578
0.0,286,791.999129
400.0,484,797.495424
0.0,396,802.003374
0.0,547,808.160863
0.0,543,814.295477
0.0,492,819.832662
200.0,481,825.215261
0.0,480,830.615823
0.0,343,834.4605
0.0,367,838.542605
0.0,281,841.68118
0.0,365,845.78221
0.0,537,851.831066
200.0,534,857.890839
0.0,552,864.104216
0.0,546,870.304628
200.0,431,875.171579
0.0,644,882.45911
0.0,581,889.036484
0.0,538,895.159613
200.0,538,901.224414
0.0,482,906.695749
200.0,527,912.590007
0.0,537,918.642786
0.0,635,925.803654
0.0,419,930.509065
0.0,562,936.897945
200.0,583,943.493299
0.0,404,948.072049
0.0,490,953.582306
0.0,376,957.801073
0.0,412,962.449625
0.0,554,968.743744
0.0,530,974.724798
0.0,478,980.118341
0.0,528,986.077424
0.0,606,992.992897
200.0,477,998.435362
0.0,479,1003.848901
0.0,284,1007.007437
0.0,648,1014.301913
0.0,532,1020.274905
0.0,607,1027.182424
0.0,443,1032.139188
0.0,293,1035.395451
0.0,409,1039.938327
0.0,300,1043.281379
0.0,418,1048.022667
200.0,668,1056.330249
0.0,623,1063.381411
0.0,429,1068.383004
0.0,472,1074.432852
0.0,384,1078.947752
0.0,359,1083.226332
200.0,533,1089.913414
200.0,339,1093.814976
0.0,368,1098.091534
0.0,488,1103.778346
0.0,489,1109.41823
0.0,405,1114.05187
0.0,540,1120.252245
0.0,667,1127.90876
0.0,479,1133.39214
0.0,541,1139.605466
0.0,562,1146.108095
0.0,427,1150.915248
0.0,496,1156.513257
0.0,492,1162.083328
0.0,365,1166.223279
0.0,409,1170.83796
0.0,360,1174.922005
0.0,486,1180.424814
600.0,608,1187.474981
0.0,357,1191.71062
0.0,448,1197.153059
0.0,467,1202.540646
0.0,286,1205.788954
0.0,415,1210.57116
200.0,462,1215.857018
200.0,534,1221.977671
0.0,509,1227.755224
0.0,482,1233.229566
0.0,417,1237.931994
0.0,406,1242.519733
200.0,622,1249.605752
0.0,410,1254.238331
0.0,278,1257.387905
200.0,595,1264.232592
0.0,413,1268.922045
200.0,533,1275.007826
0.0,504,1280.752429
0.0,469,1286.119595
200.0,537,1292.244172
0.0,405,1296.853839
0.0,416,1301.586213
0.0,539,1307.767709
200.0,465,1313.065509
0.0,481,1318.53491
0.0,409,1323.177484
0.0,723,1331.491211
0.0,364,1335.636157
0.0,578,1342.251424
0.0,407,1346.812249
0.0,305,1350.232072
0.0,484,1355.734377
0.0,663,1363.336031
0.0,299,1366.71597
0.0,605,1373.672385
200.0,597,1380.531044
0.0,420,1385.407525
0.0,500,1391.164098
0.0,308,1394.683717
0.0,487,1400.348552
0.0,549,1406.655677
0.0,417,1411.41791
0.0,543,1417.64727
0.0,541,1424.500933
0.0,480,1430.245537
0.0,423,1435.10856
0.0,406,1440.049308
200.0,643,1447.742725
0.0,540,1454.294224
0.0,536,1460.630245
0.0,712,1468.775453
0.0,553,1475.316951
0.0,533,1482.251398
0.0,536,1488.752246
0.0,413,1493.564345
0.0,370,1498.103201
0.0,540,1505.213178
0.0,544,1511.977154
400.0,736,1520.266934
0.0,531,1526.211058
0.0,404,1530.739914
200.0,608,1537.505838
0.0,373,1541.628808
0.0,286,1544.779352
0.0,494,1550.221818
400.0,469,1555.401932
200.0,431,1560.16322
0.0,286,1563.299828
0.0,472,1568.545793
0.0,288,1571.684397
0.0,736,1579.893406
0.0,400,1584.322593
0.0,429,1589.030987
0.0,423,1593.711464
0.0,542,1599.725374
0.0,507,1605.3234
0.0,667,1612.733545
0.0,351,1616.62117
200.0,787,1625.46451
0.0,408,1629.950482
0.0,400,1634.355723
0.0,385,1638.595344
0.0,344,1642.416121
0.0,298,1645.708313
200.0,624,1652.674675
0.0,592,1659.306931
200.0,468,1664.493056
0.0,495,1669.957457
0.0,410,1674.490309
0.0,601,1681.248228
0.0,282,1684.360901
0.0,484,1689.761451
0.0,502,1695.343517
200.0,725,1703.499696
0.0,413,1708.040547
0.0,468,1713.367296
200.0,540,1719.396192
0.0,376,1723.945993
0.0,476,1730.279049
0.0,469,1735.697552
200.0,416,1740.321182
400.0,436,1745.169211
0.0,539,1751.122284
0.0,464,1756.254553
0.0,473,1761.48855
0.0,718,1769.520062
0.0,493,1774.954031
400.0,534,1780.907104
0.0,490,1786.362509
0.0,288,1789.503105
0.0,599,1796.153313
0.0,306,1799.486396
0.0,533,1805.385613
0.0,541,1811.386558
0.0,365,1815.413783
200.0,468,1820.613871
0.0,667,1828.03701
0.0,286,1831.120759
0.0,287,1834.242747
0.0,535,1840.18086
200.0,399,1844.558148
0.0,628,1851.585348
0.0,545,1857.684536
0.0,561,1863.858019
200.0,400,1868.277196
0.0,552,1874.38685
0.0,432,1879.210943
0.0,506,1884.834897
0.0,407,1889.391705
0.0,730,1897.535915
200.0,608,1904.303809
0.0,474,1909.521848
0.0,481,1914.852586
0.0,495,1920.348881
0.0,538,1926.351821
0.0,373,1930.446865
0.0,574,1936.77294
0.0,606,1943.554795
0.0,535,1949.612588
0.0,541,1955.595584
200.0,531,1961.443937
0.0,603,1968.184902
0.0,474,1973.467768
200.0,492,1978.937135
0.0,556,1985.15849
200.0,429,1989.907784
0.0,377,1994.053691
0.0,368,1998.183642
200.0,401,2002.671635
0.0,595,2009.291923
0.0,690,2016.99203
200.0,672,2024.508908
200.0,434,2029.263189
200.0,550,2035.384828
200.0,720,2043.426296
0.0,545,2049.493065
0.0,384,2053.71477
0.0,661,2061.066102
0.0,663,2068.500212
0.0,587,2075.137174
0.0,446,2080.059978
0.0,423,2084.79733
0.0,408,2089.313221
0.0,619,2096.231737
0.0,463,2101.391932
0.0,471,2106.629918
0.0,421,2111.323371
0.0,529,2117.215569
200.0,549,2123.320237
200.0,471,2128.55426
0.0,653,2135.819823
0.0,441,2140.966027
0.0,465,2146.246898
0.0,286,2149.385501
0.0,347,2153.228247
0.0,553,2159.408685
200.0,454,2164.4961
200.0,618,2171.393646
0.0,485,2176.814144
200.0,549,2182.965685
0.0,619,2189.90513
0.0,469,2195.131111
0.0,441,2200.011096
0.0,653,2207.267641
0.0,500,2212.799839
200.0,601,2219.470031
0.0,602,2226.215945
0.0,360,2230.147428
0.0,611,2237.026051
0.0,284,2240.116781
0.0,341,2243.838823
0.0,596,2250.528586
0.0,546,2256.54449
0.0,346,2260.35729
0.0,480,2265.680049
0.0,439,2270.547149
0.0,351,2274.34798
0.0,293,2277.575346
200.0,603,2284.249489
0.0,299,2287.544673
0.0,420,2292.195232
0.0,411,2296.716136
0.0,485,2302.078788
0.0,430,2306.832071
0.0,284,2309.911831
0.0,415,2314.505541
200.0,543,2320.53441
0.0,420,2325.134105
0.0,414,2329.752748
0.0,355,2333.641344
200.0,474,2338.900274
0.0,541,2344.930142
0.0,559,2351.164462
0.0,531,2357.091604
200.0,544,2363.146405
0.0,618,2370.009106
0.0,422,2374.689583
0.0,462,2379.810882
0.0,465,2384.946143
0.0,584,2391.599342
0.0,712,2400.062699
200.0,349,2404.437993
200.0,474,2410.231493
200.0,521,2416.586491
0.0,726,2425.020924
0.0,290,2428.201416
0.0,586,2434.709005
0.0,296,2437.98524
0.0,521,2443.973219
0.0,385,2448.643534
0.0,657,2456.490646
0.0,278,2459.611297
0.0,392,2464.240911
0.0,491,2469.967342
200.0,412,2474.587988
0.0,362,2478.651109
0.0,440,2483.586904
0.0,283,2486.755427
0.0,391,2491.146678
0.0,459,2496.327816
200.0,651,2503.674161
0.0,470,2508.967
0.0,283,2512.127545
0.0,302,2515.482569
200.0,586,2522.098867
0.0,298,2525.418985
0.0,343,2529.259709
0.0,479,2534.724126
200.0,529,2541.071651
0.0,419,2546.144081
0.0,369,2550.46851
0.0,485,2555.864075
0.0,417,2560.468755
200.0,607,2567.210717
200.0,412,2571.767526
200.0,594,2578.460619
0.0,538,2584.484516
0.0,530,2590.401672
0.0,350,2594.23342
0.0,608,2601.029238
0.0,463,2606.194419
0.0,596,2612.826436
0.0,540,2619.056141
200.0,432,2623.855064
0.0,471,2629.477463
0.0,484,2635.292341
0.0,533,2641.724309
0.0,428,2646.51275
0.0,390,2650.876267
0.0,473,2656.354047
0.0,281,2659.475403
0.0,404,2663.930947
0.0,297,2667.074867
0.0,485,2672.248099
0.0,466,2677.249402
0.0,662,2684.361717
0.0,534,2690.139908
0.0,727,2697.958536
400.0,554,2703.887457
0.0,359,2707.726618
200.0,536,2713.525043
0.0,538,2719.302578
0.0,484,2724.467232
200.0,415,2728.877184
400.0,466,2733.88949
0.0,543,2739.724445
200.0,411,2744.128509
0.0,671,2751.329914
0.0,481,2756.458167
0.0,661,2763.510268
200.0,543,2769.338163
0.0,659,2776.516632
400.0,394,2780.740479
0.0,343,2784.404357
200.0,411,2788.783567
0.0,352,2792.522677
0.0,406,2796.817328
0.0,603,2803.277621
0.0,361,2807.110329
200.0,537,2812.886443
0.0,402,2817.150061
200.0,426,2821.707746
0.0,410,2826.125868
0.0,644,2833.085495
0.0,563,2839.147377
200.0,596,2846.313963
0.0,478,2851.558163
0.0,473,2857.311067
200.0,410,2861.891236
0.0,524,2867.550306
200.0,474,2872.917471
0.0,404,2877.408723
0.0,415,2882.177649
0.0,534,2888.161665
0.0,465,2893.300924
0.0,466,2898.485039
0.0,578,2904.689823
200.0,351,2908.360259
0.0,504,2913.72624
200.0,604,2920.159483
0.0,487,2925.372923
0.0,425,2929.862938
0.0,347,2933.539947
200.0,488,2938.98434
0.0,490,2944.456479
0.0,477,2949.663923
0.0,504,2955.361197
0.0,309,2959.154543
0.0,470,2964.860535
0.0,387,2969.823298
0.0,412,2975.302598
0.0,427,2980.826818
0.0,433,2985.989006
0.0,727,2994.947039
0.0,544,3002.054026
200.0,725,3011.347162
0.0,354,3016.061558
200.0,360,3020.682188
0.0,416,3026.165546
0.0,462,3032.305095
0.0,547,3038.992699
0.0,466,3044.689172
200.0,531,3050.693109
200.0,599,3058.087353
0.0,720,3066.975305
0.0,460,3072.448791
200.0,531,3078.238214
400.0,726,3086.359099
0.0,508,3092.190776
200.0,602,3098.806518
0.0,542,3105.152474
0.0,659,3112.561909
0.0,525,3118.290566
0.0,357,3122.593067
200.0,619,3129.674487
0.0,763,3138.63694
0.0,296,3141.944357
0.0,527,3147.64411
0.0,538,3154.077841
200.0,475,3159.713134
0.0,611,3166.814767
200.0,431,3171.896204
0.0,475,3177.058695
0.0,560,3183.25161
0.0,548,3189.264068
0.0,502,3194.81377
0.0,429,3199.587765
0.0,657,3206.865865
0.0,486,3212.219295
200.0,537,3218.098962
200.0,663,3225.799936
0.0,601,3232.690914
0.0,356,3236.771792
0.0,525,3242.415869
200.0,488,3247.747076
200.0,597,3254.485281
0.0,537,3260.569712
0.0,414,3265.026221
0.0,471,3270.110833
0.0,451,3274.901961
0.0,354,3278.882825
400.0,553,3284.782337
0.0,544,3290.595206
0.0,448,3295.381839
0.0,578,3301.596709
0.0,549,3307.453907
0.0,474,3312.474072
0.0,348,3316.165806
0.0,536,3322.161682
0.0,675,3330.117446
0.0,406,3334.654963
400.0,407,3338.998384
0.0,408,3343.344316
200.0,493,3349.003021
0.0,535,3355.302177
200.0,604,3361.961025
0.0,279,3364.911142
0.0,401,3369.333666
0.0,414,3374.582691
0.0,662,3382.143924
0.0,477,3387.292141
0.0,583,3393.670219
0.0,654,3400.898675
0.0,603,3407.32425
200.0,538,3413.224763
0.0,336,3416.773567
0.0,282,3419.796318
0.0,339,3423.387973
0.0,479,3428.699684
0.0,608,3435.617449
0.0,281,3438.800119
0.0,343,3442.783771
0.0,343,3446.654157
200.0,482,3451.894082
400.0,544,3458.289295
0.0,287,3461.414781
0.0,541,3467.391218
0.0,468,3472.524829
200.0,489,3477.826504
0.0,493,3483.015486
0.0,365,3486.922871
0.0,544,3492.733484
0.0,588,3499.030639
0.0,529,3504.694823
400.0,655,3511.756239
200.0,554,3517.891115
0.0,348,3521.734891
400.0,543,3527.714818
0.0,604,3534.36215
0.0,411,3538.808283
0.0,478,3543.990651
0.0,729,3552.121613
0.0,359,3555.928474
200.0,411,3560.35733
0.0,451,3565.312423
0.0,362,3569.298624
0.0,286,3572.379048
0.0,342,3576.140354
0.0,427,3580.847764
200.0,368,3584.911626
200.0,542,3590.794011
0.0,283,3593.875526
0.0,420,3598.408506
0.0,288,3601.547397
0.0,348,3605.271398
0.0,476,3610.415077
400.0,534,3616.065536
0.0,286,3619.072284
0.0,402,3623.379016
200.0,674,3631.078646
0.0,476,3636.574243
200.0,608,3643.364806
200.0,549,3649.208541
0.0,409,3653.486887
0.0,348,3657.140257
200.0,419,3661.573459
400.0,465,3666.72456
0.0,420,3671.146068
0.0,466,3676.192066
0.0,467,3681.162924
0.0,610,3687.730906
0.0,541,3693.465133
0.0,486,3698.702725
200.0,600,3705.131928
0.0,356,3708.879382
200.0,482,3713.997466
0.0,602,3720.442088
0.0,477,3725.523305
0.0,374,3729.509283
0.0,371,3733.456145
0.0,432,3738.066646
200.0,540,3743.825113
200.0,347,3747.488662
200.0,477,3752.532186
0.0,532,3758.229645
0.0,277,3761.119863
0.0,413,3765.507333
0.0,400,3769.740399
200.0,601,3776.134284
0.0,489,3781.283822
0.0,408,3785.676977
0.0,593,3792.03835
200.0,453,3796.902812
0.0,367,3800.757758
200.0,536,3806.455345
0.0,591,3812.754521
0.0,419,3817.226032
0.0,350,3820.935192
200.0,736,3828.866372
0.0,593,3835.237442
0.0,281,3838.179823
200.0,609,3844.675466
0.0,419,3849.124161
0.0,366,3852.94927
0.0,525,3858.594056
0.0,475,3863.658809
200.0,359,3867.483695
0.0,370,3871.410058
200.0,464,3876.381243
0.0,408,3880.693866
200.0,397,3884.872866
400.0,541,3890.621739
200.0,600,3897.049004
0.0,417,3901.440574
200.0,621,3908.111151
0.0,543,3913.923496
0.0,339,3917.500247
200.0,400,3921.708694
0.0,523,3927.283338
0.0,355,3931.045377
200.0,636,3937.807611
200.0,608,3944.307504
200.0,575,3950.374836
200.0,546,3956.189172
0.0,348,3959.881896
0.0,680,3967.162326
200.0,478,3972.1908
0.0,339,3975.765418
200.0,536,3981.462727
0.0,356,3985.216238
0.0,468,3990.180614
0.0,350,3993.890213
200.0,425,3998.368514
0.0,541,4004.080679
0.0,536,4009.751849
0.0,459,4014.582284
200.0,476,4019.616185
0.0,475,4024.698901
200.0,470,4029.638074
0.0,531,4035.265303
0.0,470,4040.234845
0.0,285,4043.244077
0.0,402,4047.493732
200.0,365,4051.302979
0.0,522,4056.830891
0.0,488,4061.958287
0.0,434,4066.56458
400.0,532,4072.21062
200.0,590,4078.48316
0.0,358,4082.222493
200.0,630,4088.992661
200.0,373,4092.907705
400.0,590,4099.201912
0.0,468,4104.129376
0.0,398,4108.285548
0.0,308,4111.52347
400.0,583,4117.717673
0.0,432,4122.270677
0.0,431,4126.843564
400.0,412,4131.167691
200.0,340,4134.750813
200.0,463,4139.626518
0.0,546,4145.470522
0.0,287,4148.473735
0.0,313,4151.768192
0.0,429,4156.280412
200.0,481,4161.324243
0.0,485,4166.474859
200.0,594,4172.720744
0.0,603,4179.183646
0.0,361,4182.944438
0.0,475,4187.989974
0.0,401,4192.211233
0.0,531,4197.820693
0.0,342,4201.420886
0.0,402,4205.68018
0.0,545,4211.494588
200.0,531,4217.192966
0.0,479,4222.299329
0.0,353,4225.976649
200.0,598,4232.343722
200.0,409,4236.683699
200.0,413,4241.047236
0.0,719,4248.742148
0.0,560,4254.693157
200.0,471,4259.689885
400.0,662,4266.804552
200.0,672,4273.983717
0.0,338,4277.529181
0.0,557,4283.474663
0.0,595,4289.821647
0.0,521,4295.371323
0.0,410,4299.696826
0.0,571,4305.810363
200.0,843,4314.829508
0.0,370,4318.73822
200.0,531,4325.42964
200.0,598,11721.80132
200.0,662,11729.332064
200.0,472,11734.777714
200.0,352,11739.024046
200.0,464,11744.927301
0.0,472,11750.408729
0.0,469,11755.622537
0.0,474,11761.035504
200.0,469,11766.41755
0.0,461,11771.877693
200.0,535,11778.261666
0.0,533,11784.34729
0.0,425,11789.359655
0.0,415,11794.203061
0.0,483,11799.93239
200.0,422,11804.660308
200.0,533,11810.790008
0.0,471,11816.288519
0.0,415,11821.153243
0.0,405,11825.841379
0.0,470,11831.226365
0.0,339,11835.183151
200.0,472,11840.649691
0.0,591,11847.414067
200.0,471,11852.696558
200.0,593,11859.350979
0.0,420,11863.924582
0.0,550,11870.030841
400.0,471,11875.564947
200.0,787,11884.957368
200.0,532,11890.946492
400.0,666,11898.39216
200.0,602,11904.887942
200.0,438,11909.488856
0.0,426,11914.008513
200.0,524,11919.688886
0.0,372,11923.642829
0.0,615,11930.273338
0.0,540,11936.033566
0.0,418,11940.44355
0.0,471,11945.399143
200.0,403,11949.638931
200.0,660,11956.827509
200.0,483,11962.386125
0.0,406,11967.033309
600.0,667,11974.373664
0.0,602,11981.093589
0.0,535,11986.94313
400.0,571,11993.272222
0.0,468,11998.485637
200.0,469,12003.643877
0.0,571,12009.733706
200.0,556,12015.596368
0.0,508,12020.966024
0.0,718,12028.562671
0.0,663,12035.56155
400.0,620,12042.548246
0.0,341,12046.187769
200.0,338,12049.798253
400.0,599,12056.16531
200.0,426,12060.659792
0.0,372,12064.582275
0.0,482,12069.735675
400.0,552,12075.751948
400.0,536,12081.534038
200.0,450,12086.445331
200.0,540,12092.188839
0.0,406,12096.477815
0.0,478,12101.550113
200.0,537,12107.336395
0.0,415,12111.730813
0.0,477,12116.805605
200.0,475,12121.808268
400.0,723,12129.484145
600.0,538,12135.151872
0.0,338,12138.675367
0.0,402,12142.916028
0.0,645,12149.755448
0.0,781,12158.041548
600.0,542,12163.77805
0.0,349,12167.424196
400.0,400,12171.63349
0.0,464,12176.518059
0.0,346,12180.132143
0.0,540,12185.838517
200.0,476,12190.876648
0.0,414,12195.254291
0.0,306,12198.414176
200.0,337,12201.990184
0.0,332,12205.430475
0.0,418,12209.842735
0.0,394,12214.004617
0.0,370,12217.876321
0.0,497,12223.153549
0.0,599,12229.563085
200.0,533,14908.164988
200.0,337,14911.943025
200.0,470,14917.173684
0.0,332,14920.91522
0.0,529,14926.881214
0.0,410,14931.438022
200.0,337,14935.119694
200.0,341,14938.873866
0.0,294,14942.111205
200.0,633,14949.18129
0.0,415,14953.727127
0.0,345,14957.470592
0.0,290,14960.65906
0.0,474,14965.854162
0.0,362,14969.814592
0.0,539,14975.762652
0.0,365,14979.789877
200.0,482,14985.05781
200.0,542,14991.054739
200.0,654,14998.277441
0.0,503,15003.86649
0.0,300,15007.13771
0.0,433,15011.890033
0.0,588,15018.386615
200.0,501,15023.895875
0.0,375,15027.966022
0.0,292,15031.118551
200.0,340,15034.841617
600.0,597,15041.439963
0.0,535,15047.434897
400.0,530,15053.282253
200.0,535,15059.120658
200.0,547,15065.13953
200.0,499,15070.610891
0.0,377,15074.724885
200.0,477,15079.986832
200.0,661,15087.328165
0.0,780,15095.951095
0.0,408,15100.410165
200.0,397,15104.721656
200.0,376,15108.832631
0.0,552,15114.864493
200.0,665,15122.206849
0.0,533,15128.079165
200.0,532,15133.900563
200.0,414,15138.416481
0.0,471,15143.580665
200.0,565,15149.833971
0.0,598,15156.394408
0.0,469,15161.603466
0.0,502,15167.094754
0.0,411,15171.593745
0.0,269,15174.499968
200.0,410,15179.012868
0.0,297,15182.231284
0.0,534,15188.165382
0.0,416,15192.7182
0.0,418,15197.300939
0.0,462,15202.387357
200.0,591,15208.992658
400.0,607,15215.842365
0.0,274,15218.903144
0.0,532,15224.810358
0.0,287,15227.956921
200.0,602,15234.608145
0.0,710,15242.457153
200.0,618,15249.338715
0.0,472,15254.557757
200.0,342,15258.285804
200.0,470,15263.538724
0.0,352,15267.413391
0.0,711,15275.295271
0.0,276,15278.306215
200.0,403,15282.758303
200.0,408,15287.269234
0.0,412,15291.842001
200.0,494,15297.344299
200.0,482,15302.740841
200.0,470,15307.926965
200.0,470,15313.079207
200.0,601,15319.675533
200.0,541,15325.665533
0.0,539,15331.536799
0.0,360,15335.504185
0.0,340,15339.209298
0.0,540,15345.172355
0.0,512,15350.843146
200.0,724,15358.998363
0.0,545,15365.073075
0.0,342,15368.782151
200.0,468,15373.966281
0.0,337,15377.649454
0.0,613,15384.461222
0.0,357,15388.387698
0.0,335,15392.043942
0.0,279,15395.074846
200.0,398,15399.432175
200.0,823,15408.548758
0.0,468,15413.80972
200.0,523,15419.727849
200.0,518,15425.521348
0.0,292,15428.835482
200.0,487,15434.236033
0.0,598,15440.897238
200.0,530,15446.772519
0.0,268,15449.708637
200.0,566,15456.005816
0.0,533,15461.935949
200.0,791,15470.740393
0.0,368,15474.781591
0.0,446,15479.725329
0.0,463,15484.810724
0.0,503,15490.354928
0.0,506,15495.991809
0.0,379,15500.178612
400.0,716,15508.177237
400.0,613,15515.033892
200.0,540,15521.009904
0.0,426,15525.694345
0.0,405,15530.187351
200.0,411,15534.689306
200.0,408,15539.142373
200.0,489,15544.530974
0.0,547,15550.63063
0.0,408,15555.12563
0.0,713,15563.093323
200.0,345,15566.87816
0.0,375,15570.958244
400.0,549,15577.070909
200.0,404,15581.546915
0.0,299,15584.768296
0.0,552,15591.001619
200.0,604,15597.698729
0.0,348,15601.533468
0.0,292,15604.789756
0.0,623,15611.727188
0.0,283,15614.842859
200.0,529,15620.659272
0.0,536,15626.584419
200.0,407,15631.086375
0.0,538,15637.03845
0.0,473,15642.325305
400.0,542,15648.396063
0.0,417,15653.091501
400.0,536,15659.076515
400.0,603,15665.786565
0.0,529,15671.703731
0.0,505,15677.302725
200.0,464,15682.51478
0.0,439,15687.367823
0.0,412,15691.956546
200.0,468,15697.153642
0.0,338,15700.890644
0.0,471,15706.1396
0.0,544,15712.153484
200.0,343,15715.888491
0.0,597,15722.555656
200.0,719,15730.502393
0.0,415,15735.05621
400.0,567,15741.339399
200.0,704,15749.209343
0.0,598,15755.792757
200.0,670,15763.204925
200.0,545,15769.204867
0.0,412,15773.738716
400.0,615,15780.533537
200.0,495,15786.084976
200.0,537,15792.053009
0.0,431,15797.535342
200.0,425,15803.211157
200.0,474,15809.535237
0.0,421,15815.186118
0.0,561,15822.744895
400.0,401,15828.225233
0.0,471,15834.525421
400.0,656,15843.323881
200.0,540,15850.667507
200.0,469,15857.060959
0.0,370,15862.047131
0.0,533,15869.245871
200.0,369,15874.171693
400.0,615,15881.827211
200.0,535,15887.685537
200.0,555,15893.775244
200.0,650,15900.959024
200.0,654,15908.231567
400.0,549,15914.282378
0.0,417,15918.869107
0.0,465,15923.980432
200.0,556,15930.074128
200.0,542,15936.056124
200.0,487,15941.369907
400.0,465,15946.532096
0.0,649,15953.653045
0.0,544,15959.62407
200.0,353,15963.451829
0.0,275,15966.505697
200.0,703,15974.26091
400.0,591,15980.701677
400.0,657,15987.975218
400.0,585,15994.39903
200.0,580,16000.779987
0.0,425,16005.384639
200.0,344,16009.22829
0.0,274,16012.213303
600.0,610,16018.878471
400.0,601,16025.469836
0.0,515,16031.101768
0.0,397,16035.413234
400.0,396,16039.745642
0.0,739,16047.872898
400.0,554,16054.024005
0.0,282,16057.076919
200.0,356,16060.961935
200.0,597,16067.464775
200.0,767,16075.862811
400.0,680,16083.322872
0.0,490,16088.704455
200.0,534,16094.562781
400.0,660,16101.7695
0.0,543,16107.742519
200.0,546,16113.644728
0.0,758,16121.972448
200.0,725,16129.956088
0.0,563,16136.089679
400.0,480,16141.325669
0.0,348,16145.120516
200.0,550,16151.112485
200.0,592,16157.677953
0.0,641,16164.736599
200.0,670,16172.149766
200.0,538,16178.013079
0.0,466,16183.090495
0.0,343,16186.813534
200.0,520,16192.5871
0.0,473,16197.766857
200.0,567,16204.051609
0.0,528,16209.830046
200.0,547,16215.887866
0.0,531,16221.671365
200.0,657,16228.914986
0.0,369,16232.924259
0.0,485,16238.237071
200.0,406,16242.675172
0.0,476,16248.243274
0.0,422,16253.860246
0.0,451,16259.851218
0.0,481,16266.262105
200.0,464,16272.414639
400.0,591,16280.332422
0.0,294,16284.20207
200.0,486,16290.655803
0.0,595,16298.603539
200.0,475,16304.90468
400.0,590,16312.78759
400.0,554,16320.141947
400.0,675,16329.165804
200.0,607,16337.247186
200.0,554,16344.645357
200.0,490,16351.196864
400.0,642,16359.738012
200.0,626,16368.109616
400.0,577,16375.80403
200.0,597,16383.812567
200.0,458,16389.870395
400.0,565,16397.352375
200.0,565,16404.905135
200.0,600,16412.889798
200.0,412,16418.342186
400.0,528,16425.404324
200.0,409,16430.919653
200.0,584,16438.693854
200.0,348,16443.294578
0.0,717,16452.938977
0.0,677,16462.064075
0.0,559,16469.560019
200.0,470,16475.789392
0.0,465,16481.970851
200.0,626,16490.32051
0.0,358,16495.073349
0.0,436,16500.832903
600.0,714,16510.36344
600.0,491,16516.901946
200.0,541,16524.14653
600.0,531,16531.268476
0.0,342,16535.746528
0.0,462,16541.909041
0.0,463,16548.06856
0.0,406,16553.414226
0.0,350,16558.120667
200.0,340,16562.60467
200.0,602,16570.63319
400.0,541,16577.8309
200.0,703,16587.312533
600.0,611,16595.474728
0.0,562,16602.956711
200.0,614,16611.223598
0.0,680,16620.344195
200.0,568,16627.902936
600.0,609,16636.041195
0.0,270,16639.615599
400.0,460,16645.734263
0.0,463,16651.859849
600.0,473,16658.226841
200.0,534,16665.278938
400.0,499,16671.967081
200.0,584,16679.742275
400.0,591,16687.669035
0.0,476,16694.023063
0.0,345,16698.609799
0.0,373,16703.667232
0.0,404,16709.055851
200.0,401,16714.393568
0.0,285,16718.245262
200.0,537,16725.443003
200.0,541,16732.683634
200.0,337,16737.178608
200.0,337,16741.672587
0.0,341,16746.192494
200.0,406,16751.622964
400.0,499,16758.318568
0.0,600,16767.2295
0.0,347,16771.880283
0.0,537,16779.115927
200.0,397,16784.438684
0.0,535,16791.55069
200.0,528,16798.619744
0.0,272,16802.257048
200.0,398,16807.582764
200.0,454,16814.658864
400.0,484,16821.156481
200.0,398,16826.610855
200.0,340,16831.115835
200.0,340,16835.639699
0.0,398,16840.984433
0.0,281,16844.704445
200.0,339,16849.382929
0.0,348,16853.983654
0.0,336,16858.546448
200.0,461,16864.741838
200.0,463,16871.035001
0.0,529,16878.120044
0.0,642,16886.827748
600.0,605,16894.980935
200.0,476,16901.364856
0.0,551,16909.24577
0.0,649,16917.906598
0.0,401,16923.24332
200.0,655,16932.094638
200.0,527,16939.113893
200.0,402,16944.466574
200.0,410,16950.002728
0.0,342,16954.484771
0.0,466,16960.777899
200.0,397,16966.042813
200.0,398,16971.376576
400.0,400,16976.729255
400.0,399,16982.031037
0.0,398,16987.367759
200.0,464,16993.599088
200.0,466,16999.792552
600.0,464,17006.046459
200.0,350,17010.819691
0.0,605,17019.066615
0.0,400,17024.396701
0.0,357,17029.094028
0.0,409,17034.504776
200.0,339,17038.970547
0.0,344,17043.567672
0.0,641,17052.17522
200.0,572,17059.829439
0.0,620,17068.106847
200.0,392,17073.321314
0.0,391,17078.513686
0.0,406,17083.950631
600.0,507,17090.722426
0.0,591,17098.576034
200.0,827,17109.690954
0.0,412,17115.163013
0.0,625,17123.604597
0.0,401,17129.019765
200.0,471,17135.22073
0.0,273,17138.846683
200.0,335,17143.344911
0.0,276,17147.000634
0.0,528,17154.151494
0.0,461,17160.390465
200.0,720,17170.117375
600.0,630,17178.52069
0.0,611,17186.727948
0.0,402,17192.096633
0.0,290,17196.007552
0.0,381,17201.122864
0.0,474,17207.516473
200.0,397,17212.799462
200.0,458,17218.900635
200.0,534,17226.173571
200.0,347,17230.989018
0.0,536,17238.231233
400.0,460,17244.548096
0.0,405,17249.94706
200.0,397,17255.308942
200.0,630,17263.917023
0.0,468,17270.223094
200.0,484,17276.809633
0.0,544,17284.27756
400.0,583,17292.287661
200.0,590,17300.424719
400.0,626,17309.173734
400.0,617,17317.671796
400.0,724,17327.714706
200.0,576,17335.658272
400.0,605,17345.161512
400.0,490,17353.410771
200.0,607,17366.660108
600.0,535,17374.64151
200.0,488,17381.47454
200.0,467,17388.909304
200.0,602,17397.669226
0.0,461,17404.166828
0.0,357,17409.169445
200.0,453,17415.641116
200.0,521,17423.134096
200.0,409,17428.770019
200.0,377,17433.915218
200.0,533,17441.464021
200.0,528,17448.878185
200.0,534,17456.03005
200.0,526,17463.028327
600.0,765,17474.029927
400.0,491,17481.492959
400.0,635,17491.900082
400.0,473,17498.381774
200.0,568,17506.407803
400.0,634,17515.544075
200.0,516,17522.739787
200.0,644,17531.668931
200.0,527,17539.254112
200.0,354,17544.533986
400.0,615,17553.105091
400.0,603,17563.821625
0.0,582,17573.350048
400.0,525,17581.616481
600.0,461,17588.339003
200.0,453,17595.351844
400.0,643,17605.812706
200.0,404,17611.951909
200.0,580,17621.099911
400.0,575,17629.683506
200.0,384,17635.586061
400.0,543,17643.554303
600.0,499,17651.095059
600.0,521,17658.981906
0.0,614,17668.809987
200.0,576,17677.54605
0.0,400,17683.5351
0.0,397,17689.640318
0.0,342,17694.796556
200.0,358,17700.156811
200.0,568,17708.587812
200.0,495,17716.056068
200.0,679,17726.295082
0.0,514,17735.479215
200.0,471,17743.064912
0.0,343,17748.332911
200.0,613,17758.023165
0.0,476,17766.212775
400.0,390,17772.396773
400.0,526,17782.26995
1000.0,666,17795.639476
400.0,592,17805.661797
200.0,592,17814.814526
400.0,591,17823.606663
400.0,521,17832.368904
400.0,641,17842.110236
200.0,634,17852.014766
400.0,463,17859.406676
400.0,575,17871.788433
200.0,491,17878.990089
200.0,485,17887.03805
200.0,502,17894.680578
200.0,700,17905.452897
600.0,576,17913.905191
800.0,647,17923.33295
200.0,505,17930.626434
800.0,644,17939.884698
400.0,549,17947.800714
0.0,396,17953.496636
200.0,503,17960.7105
600.0,668,17970.384466
400.0,622,17980.581335
0.0,501,17988.254531
200.0,391,17994.024408
200.0,465,18001.086696
0.0,279,18004.915274
200.0,395,18010.507433
600.0,580,18018.51245
200.0,515,17025.554404
200.0,347,17030.395596
0.0,389,17035.687411
600.0,604,17044.37719
0.0,650,17053.46476
600.0,669,17063.93383
0.0,509,17071.538987
0.0,404,17077.101953
200.0,345,17081.915503
200.0,419,17088.101141
200.0,535,17095.470545
0.0,668,17105.020304
0.0,470,17111.783329
0.0,285,17115.779905
0.0,394,17122.065549
200.0,540,17130.737837
0.0,340,17135.840685
200.0,351,17141.112847
200.0,353,17146.510224
0.0,405,17153.304774
0.0,416,17160.124335
0.0,290,17164.724285
200.0,552,17173.192605
0.0,540,17181.238087
400.0,521,17189.666292
0.0,346,17194.989603
200.0,430,17200.981189
200.0,466,17207.464757
600.0,474,17214.152554
0.0,538,17222.876668
200.0,474,17229.858808
200.0,603,17238.186274
0.0,465,17244.548069
0.0,410,17250.278714
200.0,345,17255.166373
0.0,286,17259.238979
0.0,532,17267.522938
200.0,336,17272.288729
200.0,403,17278.111253
200.0,406,17284.506208
200.0,471,17291.371546
200.0,487,17298.949258
0.0,405,17305.034176
0.0,287,17309.055213
200.0,526,17316.489135
0.0,406,17322.12992
0.0,276,17325.952098
800.0,573,17334.826569
200.0,584,17343.360378
600.0,761,17354.480525
200.0,474,17361.184536
200.0,522,17368.473972
200.0,446,17374.609029
200.0,457,17381.160288
200.0,495,17389.445323
600.0,644,17401.203664
200.0,357,17407.941627
0.0,520,17416.903846
400.0,522,17425.798172
400.0,638,17440.60815
200.0,452,17448.090241
800.0,662,17460.690809
400.0,449,17468.487835
200.0,620,17479.827815
200.0,538,17489.347236
600.0,525,17498.264964
400.0,445,17506.011361
0.0,348,17512.294907
800.0,702,17525.031294
400.0,461,17533.077675
200.0,471,17541.239003
0.0,347,17547.215352
0.0,394,17554.298773
400.0,493,17563.153318
600.0,482,17570.273694
200.0,585,17579.256433
600.0,501,17586.602833
200.0,462,17593.284176
200.0,472,17600.078902
0.0,467,17606.901806
400.0,431,17613.109232
0.0,382,17618.587394
400.0,587,17628.227161
600.0,664,17638.447537
0.0,384,17644.317975
0.0,506,17652.414343
800.0,724,17662.897907
0.0,451,17670.236022
800.0,654,17679.554516
600.0,597,17688.268389
800.0,625,17697.488091
200.0,544,17705.282245
400.0,504,17712.632727
600.0,597,17721.416511
400.0,499,17728.974727
200.0,559,17737.505342
0.0,575,17746.673469
0.0,339,17751.551149
0.0,403,17757.296012
200.0,428,17763.487711
200.0,341,17768.86897
0.0,271,17773.187146
400.0,532,17781.127729
0.0,415,17786.943464
400.0,419,17793.416637
200.0,334,17798.360299
200.0,337,17803.055715
0.0,272,17806.89609
600.0,500,17813.790041
200.0,402,17819.338034
600.0,620,17827.979473
600.0,614,17836.318121
400.0,596,17844.489848
400.0,653,17853.376336
0.0,344,17857.98882
200.0,370,17863.019733
400.0,626,17871.569753
0.0,498,17878.299776
200.0,346,17882.924083
0.0,279,17886.682875
600.0,618,17895.087705
400.0,502,17901.897002
0.0,401,17907.445964
200.0,407,17913.670614
1000.0,656,17924.833383
0.0,506,17931.938635
400.0,520,17939.259152
200.0,492,17946.539788
600.0,662,17956.861508
400.0,573,17964.770029
200.0,619,17973.611577
200.0,519,17980.987603
200.0,415,17986.919911
400.0,629,17995.762317
800.0,604,18004.226861
600.0,535,18011.619577
0.0,387,18016.871479
400.0,497,18023.902574
0.0,610,18032.4946
400.0,483,18039.164352
400.0,486,18046.006006
600.0,606,18054.361795
400.0,494,18061.017376
600.0,450,18067.365476
400.0,488,18074.064865
200.0,548,18081.70534
0.0,507,18088.832662
400.0,479,18095.455898
800.0,593,18103.464673
200.0,614,18111.770726
1000.0,609,18119.930057
200.0,358,18124.692603
600.0,612,18132.968406
200.0,784,18143.531131
600.0,572,18151.595782
0.0,411,18157.579526
400.0,523,18165.805182
0.0,357,18171.44814
600.0,502,18181.00372
600.0,649,18191.789559
200.0,491,18198.748459
600.0,721,18208.907474
200.0,458,18215.155353
600.0,590,18223.077319
0.0,453,18229.203937
600.0,692,18239.040754
400.0,395,18244.656488
600.0,546,18252.475541
0.0,398,18258.153686
200.0,470,18265.083679
400.0,624,18274.718498
600.0,597,18283.452551
200.0,492,18291.224759
600.0,597,18300.177776
800.0,619,18309.117645
200.0,485,18316.097416
200.0,451,18322.411868
200.0,527,18329.844166
0.0,477,18336.785103
200.0,400,18342.605346
400.0,516,18349.986801
400.0,610,18358.998963
200.0,504,18366.438963
800.0,588,18374.733794
600.0,626,18383.343999
0.0,617,18392.327743
600.0,593,18401.164534
300.0,570,18409.578128
0.0,272,18413.565704
200.0,335,18418.206949
0.0,336,18422.924274
0.0,334,18427.723387
1000.0,597,18436.313727
400.0,594,18445.242965
0.0,332,18449.745356
0.0,273,18453.473744
0.0,267,18457.351725
0.0,389,18462.760256
1200.0,588,18471.321064
0.0,332,18475.806192
0.0,594,18484.188751
600.0,585,18492.965427
800.0,630,18502.630743
200.0,516,18510.130764
400.0,453,18516.690788
600.0,617,18525.82193
400.0,507,18533.334151
400.0,401,18539.187836
600.0,502,18546.489276
400.0,679,18555.984509
400.0,775,18566.772922
400.0,674,18576.060975
0.0,552,18583.740464
200.0,513,18591.04515
600.0,659,18600.795938
200.0,362,18606.140157
800.0,762,18617.653722
200.0,503,18624.76689
200.0,619,18633.858836
200.0,598,18642.474647
0.0,504,18651.387704
600.0,601,18660.266421
400.0,612,18669.228825
600.0,620,18677.892593
200.0,465,18684.682933
600.0,473,18691.574791
600.0,740,18701.691127
400.0,603,18709.96316
400.0,475,18716.419571
600.0,602,18724.600377
200.0,506,18732.078133
400.0,572,18741.256818
800.0,592,18750.17124
200.0,528,18757.705462
0.0,274,18761.512903
600.0,630,18770.710977
600.0,600,18779.913722
600.0,703,18790.438729
800.0,607,18798.601571
600.0,609,18806.985061
400.0,496,18813.946402
200.0,707,18824.28937
200.0,494,18831.083728
400.0,487,18838.332267
400.0,540,18846.602488
400.0,601,18856.730503
400.0,594,18866.043267
600.0,541,18874.741603
400.0,572,18883.464828
200.0,485,18891.213871
200.0,456,18898.943401
200.0,398,18905.263486
400.0,501,18912.964031
400.0,474,18919.583255
200.0,411,18925.658404
0.0,276,18929.955863
200.0,404,18935.854503
0.0,274,18939.558547
400.0,603,18947.885183
400.0,402,18953.729028
200.0,403,18960.09437
400.0,470,18966.63073
200.0,485,18973.765282
400.0,551,18981.856525
200.0,467,18988.389757
400.0,532,18996.161735
800.0,573,19004.42624
400.0,679,19014.372113
400.0,625,19023.636176
800.0,587,19032.037328
400.0,582,19040.253546
800.0,578,19048.822665
800.0,577,19056.959934
200.0,598,19065.431606
400.0,471,19071.915998
600.0,612,19080.349711
800.0,626,19089.211708
400.0,493,19096.248298
400.0,597,19104.589465
800.0,604,19112.992644
800.0,692,19122.865852
200.0,500,19129.835028
400.0,630,19138.453424
800.0,729,19148.404452
200.0,505,19155.443629
1000.0,741,19165.871019
400.0,577,19174.057247
600.0,621,19182.899917
400.0,570,19190.760651
200.0,473,19197.306627
200.0,509,19204.349079
800.0,605,19212.604011
600.0,553,19220.159142
400.0,560,19227.84626
400.0,576,19235.73976
200.0,698,19245.357529
200.0,497,19252.116148
0.0,457,19258.320521
400.0,407,19263.896306
400.0,451,19270.065415
400.0,597,19278.228368
400.0,591,19286.325639
600.0,527,19293.638207
600.0,540,19301.168299
400.0,630,19310.170935
800.0,581,19318.369504
600.0,684,19328.001271
400.0,542,19335.81298
200.0,638,19344.856675
0.0,447,19351.30525
400.0,486,19358.401572
400.0,466,19366.152289
200.0,580,19374.468618
400.0,664,19383.633953
600.0,598,19392.035183
400.0,635,19400.891399
1000.0,713,19410.878092
800.0,619,19419.490417
600.0,607,19427.995177
800.0,587,19436.145177
1000.0,536,19443.628171
600.0,630,19452.66222
1000.0,603,19461.266665
0.0,395,19466.789547
200.0,488,19473.694513
400.0,636,19482.722954
400.0,496,19489.679552
600.0,771,19500.445104
200.0,501,19507.338686
400.0,484,19514.035083
600.0,605,19522.529853
800.0,605,19530.885649
400.0,596,19539.250629
600.0,516,19546.275525
400.0,603,19554.473112
400.0,588,19562.47291
800.0,588,19570.67798
400.0,609,19579.179711
400.0,659,19588.376534
800.0,586,19596.502876
200.0,617,19604.933227
600.0,512,19612.137227
600.0,506,19619.086236
400.0,450,19625.184737
800.0,571,19632.960785
400.0,603,19641.139293
400.0,573,19649.097713
1000.0,599,19657.343341
200.0,504,19664.690483
800.0,566,19672.691197
200.0,408,19678.404857
0.0,391,19683.796711
600.0,587,19692.305505
400.0,601,19700.628743
400.0,571,19708.508161
400.0,490,19715.337816
600.0,606,19723.813653
200.0,390,19729.39414
400.0,638,19738.509613
800.0,515,19745.711406
200.0,405,19751.491101
600.0,467,19758.538347
400.0,528,19767.192502
400.0,528,19777.583855
200.0,482,19784.366122
0.0,467,19790.876556
400.0,530,19798.304937
0.0,289,19802.314851
400.0,519,19809.576174
800.0,621,19818.389619
400.0,768,19829.376161
200.0,747,19840.11628
200.0,588,19848.920826
200.0,673,19858.894642
200.0,522,19866.314001
200.0,700,19876.112056
1000.0,717,19886.288948
400.0,600,19894.795401
400.0,490,19901.582633
200.0,503,19908.609527
1000.0,532,19915.932562
1000.0,691,19925.5252
600.0,592,19933.681301
800.0,612,19942.107533
800.0,644,19951.119464
400.0,591,19959.227613
800.0,586,19967.447927
400.0,454,19973.833828
800.0,528,19981.400127
600.0,616,19990.017272
800.0,569,19998.051864
600.0,664,20007.336418
800.0,637,20016.222172
200.0,505,20023.208251
400.0,635,20032.04564
400.0,611,20040.416187
400.0,629,20049.039389
200.0,537,20056.558747
0.0,283,20060.512937
400.0,645,20069.731472
200.0,520,20077.047138
600.0,554,20085.736181
600.0,597,20096.317091
200.0,496,20104.452035
200.0,568,20113.387879
0.0,517,20121.379049
400.0,543,20129.613284
400.0,550,20137.811776
200.0,612,20147.36613
600.0,614,20156.652053
400.0,539,20164.536503
800.0,568,20172.768357
400.0,566,20181.308557
600.0,536,20189.40067
1000.0,648,20199.18633
200.0,634,20208.569354
600.0,696,20219.215151
1000.0,616,20228.745601
600.0,565,20237.645111
800.0,616,20247.328798
600.0,626,20257.093733
200.0,619,20266.574458
1000.0,634,20276.557687
600.0,594,20286.061515
400.0,457,20293.423494
600.0,604,20302.812059
800.0,541,20310.435265
600.0,594,20318.531235
600.0,595,20327.120712
800.0,634,20335.948292
400.0,573,20343.947633
600.0,588,20352.368875
600.0,550,20360.20457
800.0,508,20367.019193
600.0,603,20376.727719
0.0,385,20382.502778
800.0,569,20391.42934
600.0,527,20399.352318
0.0,384,20405.061045
400.0,476,20412.196953
800.0,531,20420.399034
600.0,605,20430.362699
800.0,730,20441.99617
0.0,332,20447.200589
400.0,594,20456.859726
400.0,627,20466.122967
1000.0,645,20475.720804
600.0,592,20484.362452
200.0,487,20491.519526
600.0,561,20500.733086
600.0,603,20510.962541
400.0,488,20519.042077
600.0,630,20528.424193
800.0,577,20536.855855
600.0,612,20545.81706
400.0,499,20553.141874
600.0,615,20562.135866
800.0,572,20570.495578
800.0,593,20579.539164
800.0,596,20588.27339
400.0,494,20595.459363
400.0,572,20603.783827
400.0,490,20611.025569
1000.0,630,20620.169497
1000.0,609,20630.447833
400.0,632,20640.927044
400.0,567,20650.286657
400.0,554,20659.199492
600.0,510,20667.208026
400.0,568,20676.125943
600.0,573,20685.241466
400.0,620,20694.968903
600.0,455,20702.315641
600.0,549,20711.094378
0.0,398,20717.579673
400.0,524,20726.073501
800.0,577,20735.268476
400.0,497,20743.111008
200.0,427,20750.106857
800.0,538,20758.945069
0.0,388,20765.05691
600.0,613,20774.957608
400.0,683,20785.783398
800.0,614,20795.477627
400.0,548,20804.073843
0.0,511,20812.169366
800.0,553,20820.92602
200.0,498,20828.785455
1000.0,621,20838.808236
600.0,640,20849.262877
800.0,605,20858.057937
800.0,645,20867.460719
800.0,569,20875.746563
200.0,486,20882.719191
200.0,437,20888.979093
400.0,423,20896.897569
600.0,597,20907.004844
600.0,593,20915.698456
400.0,594,20924.360224
200.0,465,20931.115279
600.0,559,20939.33397
800.0,653,20949.641053
0.0,397,20956.237612
1000.0,782,20969.349928
800.0,588,20977.986411
800.0,608,20986.856985
800.0,724,20997.459001
400.0,430,21003.728751
600.0,678,21013.591953
400.0,609,21022.484236
400.0,608,21032.136026
400.0,570,21040.635285
400.0,499,21047.950713
600.0,530,21057.194764
800.0,613,21067.700305
400.0,600,21077.281519
800.0,539,21085.310587
800.0,596,21094.219462
800.0,516,21101.855599
1000.0,539,21109.887592
800.0,607,21120.277256
1000.0,640,21131.572108
600.0,556,21140.325328
800.0,603,21149.333822
800.0,547,21157.357141
600.0,588,21166.019038
600.0,528,21173.777073
600.0,514,21182.549113
200.0,548,21192.48235
600.0,595,21202.721706
800.0,693,21213.179913
600.0,569,21221.656701
800.0,703,21233.680828
600.0,563,21242.768059
600.0,508,21250.466186
600.0,763,21262.202423
800.0,577,21270.799623
600.0,546,21279.008544
1000.0,545,21287.074084
1200.0,659,21296.84608
800.0,577,21305.340064
400.0,579,21313.912861
400.0,407,21319.928805
1000.0,600,21329.422159
800.0,497,21336.991633
800.0,543,21345.366096
800.0,583,21354.364513
800.0,587,21363.70106
1200.0,623,21373.363151
800.0,617,21382.977674
1200.0,746,21394.191704
1000.0,575,21402.665054
1000.0,585,21411.426249
1000.0,620,21420.669815
1200.0,650,21431.525598
800.0,624,21441.029908
1000.0,593,21450.16793
1000.0,620,21459.828138
400.0,420,21466.330924
1000.0,576,21475.156406
1000.0,554,21483.646669
600.0,522,21491.739826
400.0,491,21499.245148
1000.0,581,21507.890255
400.0,582,21516.48214
1000.0,551,21524.754253
800.0,714,21535.275565
1000.0,542,21543.264417
800.0,567,21551.545556
1200.0,639,21561.08383
1200.0,611,21570.159549
1000.0,577,21578.727903
1000.0,659,21588.541591
200.0,575,21597.194033
1200.0,596,21606.048652
1200.0,761,21617.492639
1200.0,633,21626.872311
1000.0,648,21636.473995
1000.0,624,21645.695929
1200.0,625,21655.771698
800.0,565,21665.128532
400.0,549,21673.536559
600.0,550,21681.733051
600.0,508,21689.224589
600.0,587,21697.916448
400.0,411,21704.030186
1000.0,529,21711.912188
800.0,724,21722.722203
600.0,622,21732.028906
800.0,523,21739.743283
0.0,315,21744.339004
800.0,536,21752.244909
600.0,700,21762.657406
1000.0,533,21770.475993
1000.0,600,21779.710395
1400.0,744,21791.144461
1200.0,714,21801.719327
600.0,526,21809.404013
600.0,524,21817.107017
800.0,491,21824.367045
400.0,473,21831.616654
600.0,573,21841.203086
800.0,577,21850.5715
800.0,505,21858.497562
800.0,493,21867.002959
800.0,570,21876.736645
800.0,563,21885.389698
800.0,561,21893.870511
800.0,599,21902.926941
600.0,717,21913.690811
800.0,520,21921.496546
800.0,500,21928.969639
800.0,514,21936.708184
400.0,532,21944.71831
600.0,518,21952.585344
600.0,523,21960.479782
600.0,511,21968.610007
800.0,573,21978.475189
800.0,493,21986.229553
800.0,492,21994.374623
800.0,564,22004.775024
800.0,497,22013.15116
800.0,643,22024.158854
1000.0,574,22033.416895
800.0,502,22041.011669
600.0,509,22048.644136
600.0,526,22056.815242
400.0,603,22065.907726
400.0,562,22074.715345
400.0,503,22082.344483
400.0,646,22092.071191
400.0,585,22101.007269
600.0,498,22108.459735
600.0,534,22116.452
600.0,558,22124.904658
600.0,502,22132.428017
400.0,512,22140.08674
600.0,530,22148.04891
600.0,560,22156.438213
800.0,647,22166.276807
600.0,512,22174.008297
800.0,560,22182.481049
600.0,524,22190.463859
400.0,581,22199.25668
600.0,511,22206.978593
600.0,494,22214.415967
600.0,566,22222.978362
600.0,563,22231.453683
600.0,557,22239.822259
600.0,562,22248.316648
800.0,565,22256.831818
600.0,555,22265.598522
600.0,564,22274.154424
600.0,468,22281.115509
600.0,586,22290.545328
400.0,464,22297.625791
400.0,465,22304.63967
200.0,460,22311.592068
600.0,574,22320.232688
400.0,476,22327.409952
800.0,556,22335.765061
600.0,576,22344.57501
800.0,568,22353.29182
200.0,463,22360.358139
600.0,536,22368.408772
400.0,408,22374.702825
600.0,502,22382.312881
800.0,563,22390.745718
200.0,565,22399.268747
400.0,583,22408.099557
800.0,577,22416.900818
600.0,550,22425.207623
400.0,540,22433.365416
400.0,504,22440.92835
400.0,477,22448.084568
400.0,473,22455.296194
600.0,472,22462.455904
600.0,539,22470.559865
400.0,547,22479.052919
800.0,577,22488.237282
800.0,579,22497.08577
800.0,560,22505.536972
400.0,545,22513.750173
600.0,613,22523.026006
600.0,537,22531.178118
600.0,543,22539.380812
800.0,661,22549.418264
400.0,658,22559.450291
1000.0,584,22568.264446
800.0,558,22576.905588
800.0,564,22585.933835
400.0,412,22592.354469
1200.0,596,22601.422135
600.0,608,22610.692029
600.0,655,22620.571985
800.0,496,22628.026035
800.0,575,22636.674587
800.0,578,22645.374701
800.0,574,22654.391649
800.0,568,22663.332692
800.0,578,22673.447098
800.0,567,22682.445416
1000.0,638,22692.88336
800.0,564,22702.374155
800.0,564,22711.428543
400.0,534,22720.222297
1000.0,529,22728.943443
600.0,580,22738.222006
600.0,496,22745.793537
600.0,564,22754.438598
800.0,598,22764.08245
1000.0,600,22773.861462
600.0,592,22783.577129
800.0,711,22795.334517
800.0,569,22804.613026
600.0,551,22813.381895
400.0,549,22822.720168
600.0,646,22833.299903
400.0,512,22841.47278
800.0,565,22850.66688
800.0,554,22859.501559
800.0,561,22868.395459
600.0,530,22876.913601
800.0,601,22886.930386
400.0,538,22894.362634
800.0,503,22901.237856
400.0,492,22907.942017
800.0,632,22918.194124
800.0,578,22927.209544
1000.0,563,22935.282901
1000.0,589,22944.244093
600.0,573,22952.233735
800.0,552,22960.202276
1000.0,569,22968.30701
800.0,501,22975.411857
800.0,498,22982.488596
800.0,568,22991.157265
800.0,504,22998.991839
800.0,502,23006.066187
600.0,601,23014.487293
600.0,514,23021.678675
800.0,502,23028.849619
800.0,574,23036.613921
400.0,590,23044.574429
800.0,509,23051.65887
800.0,559,23059.227942
800.0,598,23067.380368
800.0,568,23075.513274
800.0,582,23083.426258
800.0,567,23091.239117
400.0,416,23096.821166
800.0,504,23103.708894
600.0,562,23111.80717
800.0,522,23119.286743
400.0,411,23126.450014
800.0,556,23134.516419
800.0,572,23142.804875
1000.0,522,23150.148239
1000.0,604,23158.584859
800.0,579,23166.983432
800.0,584,23175.618574
800.0,569,23183.724824
800.0,573,23192.196693
1000.0,592,23201.975417
400.0,531,23209.5206
400.0,406,23215.224066
400.0,465,23221.563748
400.0,405,23227.140164
400.0,406,23232.687142
400.0,403,23238.100558
600.0,534,23245.379731
400.0,523,23252.605035
600.0,531,23260.126293
800.0,596,23268.755807
400.0,534,23276.437903
600.0,453,23282.708241
800.0,577,23291.01052
800.0,629,23299.782566
800.0,558,23308.337252
400.0,461,23315.193892
400.0,462,23322.971665
600.0,560,23331.47875
600.0,451,23338.453909
200.0,458,23345.518482
800.0,511,23352.947623
600.0,504,23359.800134
600.0,544,23367.232162
800.0,503,23374.086458
600.0,545,23381.517055
600.0,544,23388.941725
600.0,467,23395.237708
600.0,505,23402.058629
600.0,601,23410.222715
600.0,550,23417.748704
600.0,529,23424.907421
600.0,594,23433.006053
800.0,576,23440.842448
