# {"env_id": "SeaquestNoFrameskip-v4", "t_start": 1554416477.9348264} 
r,l,t
80.0,637,60.175322
140.0,662,62.783709
20.0,416,64.774585
40.0,440,66.987341
120.0,518,69.108463
40.0,487,71.685442
60.0,468,73.499115
40.0,413,75.316454
140.0,776,78.825585
80.0,688,81.741454
80.0,466,83.58196
100.0,652,86.547431
80.0,557,88.921178
40.0,374,90.361833
80.0,488,92.239034
20.0,362,94.188293
60.0,501,96.184076
100.0,585,98.480339
40.0,443,100.168638
100.0,684,111.481407
180.0,762,120.276516
80.0,375,124.658452
40.0,412,129.836893
20.0,346,134.113072
100.0,553,141.119426
0.0,328,145.090356
200.0,748,154.539574
260.0,899,165.862348
0.0,343,170.324276
120.0,654,178.846641
120.0,559,185.521403
100.0,623,192.885808
0.0,352,197.046034
40.0,445,202.530513
60.0,546,208.922106
60.0,504,215.240944
120.0,543,222.299058
80.0,592,229.51472
220.0,906,240.230052
80.0,494,246.625941
160.0,683,255.427616
220.0,723,264.751052
0.0,351,269.018403
40.0,433,274.096288
140.0,620,281.566659
60.0,450,287.068484
0.0,285,290.544256
80.0,511,296.794639
260.0,1039,309.139063
60.0,466,314.746178
60.0,473,320.420059
0.0,318,324.563263
120.0,645,332.339118
40.0,441,337.328344
100.0,496,342.996424
40.0,422,347.794813
40.0,454,352.963602
60.0,435,357.867916
140.0,549,364.338269
340.0,1058,376.421512
120.0,612,383.438739
20.0,338,387.262235
20.0,437,392.218631
40.0,469,397.49176
80.0,474,402.882993
60.0,505,408.62536
0.0,322,412.234127
100.0,574,418.783243
160.0,775,427.656877
60.0,499,433.343452
20.0,349,437.276311
220.0,881,447.411356
120.0,515,453.272588
160.0,609,460.215207
140.0,659,467.737096
40.0,408,472.371072
60.0,500,478.573556
80.0,506,485.30489
120.0,608,492.365584
80.0,448,497.974051
180.0,748,507.776573
100.0,680,517.053592
0.0,362,521.302374
100.0,539,527.723813
120.0,716,536.473159
100.0,759,545.619043
240.0,811,555.256328
100.0,631,562.727255
0.0,382,567.39966
140.0,679,576.600982
20.0,358,580.605368
0.0,339,584.398485
100.0,575,590.968842
20.0,389,595.376629
140.0,741,603.812114
100.0,434,608.764389
100.0,565,615.193859
60.0,412,619.875584
20.0,404,624.438948
60.0,423,629.278912
0.0,341,633.328743
60.0,483,638.81597
120.0,651,646.384067
240.0,885,656.507378
260.0,969,668.380364
240.0,891,679.136851
60.0,643,687.341598
120.0,641,694.859031
80.0,604,701.956728
140.0,649,709.915774
40.0,396,714.534168
60.0,464,719.921079
0.0,316,723.871155
60.0,481,729.307178
20.0,362,733.384545
120.0,598,740.462561
80.0,531,746.54662
80.0,498,752.541346
180.0,627,760.390838
220.0,1021,772.39958
160.0,712,780.788802
60.0,430,785.698786
140.0,790,794.915341
160.0,582,801.701808
120.0,592,808.818384
140.0,590,816.733508
120.0,576,824.298673
0.0,328,828.320172
80.0,537,834.974631
80.0,469,840.527991
260.0,908,851.352119
60.0,498,857.190885
80.0,488,862.892915
40.0,377,867.391017
60.0,457,872.772962
120.0,414,877.448692
60.0,487,883.062861
60.0,483,888.737422
180.0,839,898.796538
60.0,472,904.594898
40.0,498,911.229986
120.0,696,920.737214
140.0,681,928.912117
0.0,301,932.498335
80.0,609,939.743216
160.0,712,949.036152
240.0,756,960.309721
200.0,800,971.69182
100.0,459,978.947674
100.0,581,986.491943
120.0,600,994.741261
140.0,690,1003.54045
420.0,1473,1024.05126
80.0,454,1029.706325
200.0,774,1040.777002
140.0,559,1049.359875
140.0,887,1060.265029
40.0,418,1065.630716
180.0,800,1075.523767
80.0,513,1081.79174
20.0,322,1085.6156
60.0,529,1091.912663
40.0,358,1096.016437
20.0,375,1100.289446
100.0,553,1106.973729
80.0,603,1114.425283
60.0,597,1121.883254
20.0,374,1126.63684
80.0,473,1132.302913
100.0,492,1138.074514
220.0,895,1148.757248
100.0,599,1155.900304
80.0,414,1160.911063
20.0,399,1165.728433
0.0,356,1169.903777
60.0,378,1174.396784
20.0,422,1179.365027
200.0,806,1189.045611
120.0,531,1195.369628
100.0,503,1201.359507
140.0,604,1208.928511
80.0,552,1215.847335
140.0,556,1222.233443
120.0,602,1229.191754
20.0,378,1233.482671
200.0,819,1242.990659
80.0,462,1248.303556
140.0,751,1257.626161
100.0,519,1263.705298
20.0,366,1267.96605
160.0,578,1274.760939
120.0,616,1282.03412
140.0,513,1288.039917
140.0,735,1296.793443
100.0,519,1302.906834
80.0,497,1308.753433
160.0,665,1316.565786
200.0,856,1326.702171
40.0,416,1331.56024
200.0,675,1339.538543
60.0,485,1345.24543
100.0,581,1352.141366
20.0,370,1356.42427
0.0,336,1360.297496
80.0,440,1365.43615
100.0,581,1372.283816
60.0,479,1378.287647
260.0,949,1390.65926
80.0,468,1396.215173
80.0,420,1401.348515
80.0,471,1407.062659
120.0,536,1413.652124
60.0,438,1419.003552
100.0,629,1426.653605
160.0,817,1436.655228
120.0,547,1443.224832
200.0,696,1451.61631
140.0,512,1457.794342
80.0,473,1463.607504
160.0,690,1471.877334
0.0,290,1475.342268
240.0,791,1484.886111
280.0,924,1496.053732
100.0,551,1502.667413
180.0,785,1512.182745
180.0,807,1522.023478
220.0,809,1531.807296
120.0,543,1538.413629
20.0,378,1542.999718
180.0,798,1552.712544
100.0,540,1559.329812
40.0,421,1564.460562
120.0,731,1573.340081
100.0,561,1580.168169
60.0,446,1585.575951
40.0,503,1591.693182
140.0,612,1599.084735
40.0,406,1603.972073
60.0,439,1609.252832
60.0,448,1614.667837
120.0,597,1622.192843
100.0,456,1627.637529
160.0,852,1639.210375
160.0,603,1646.757314
60.0,429,1651.819587
80.0,478,1657.467127
40.0,392,1662.10554
20.0,384,1666.628778
120.0,658,1674.431721
120.0,652,1682.380423
140.0,656,1690.180512
200.0,908,1701.164773
60.0,496,1707.202245
120.0,507,1713.251853
80.0,457,1718.884942
80.0,656,1727.564682
0.0,327,1731.433621
320.0,1247,1747.327158
120.0,485,1753.200712
200.0,725,1762.682799
80.0,524,1769.141777
200.0,714,1777.823926
220.0,893,1788.485205
120.0,673,1796.456957
120.0,710,1805.476172
100.0,569,1812.216212
120.0,607,1819.472258
180.0,706,1829.613232
60.0,601,1837.215113
140.0,637,1845.05792
200.0,769,1854.411565
100.0,493,1860.514867
0.0,312,1864.524164
120.0,553,1871.361047
40.0,356,1875.413741
160.0,743,1883.89229
100.0,490,1889.784768
240.0,977,1901.829925
260.0,908,1912.660762
20.0,421,1917.60162
160.0,819,1927.962302
60.0,403,1932.671519
100.0,621,1939.921103
140.0,620,1947.046043
320.0,1135,1961.186853
260.0,862,1971.175236
100.0,576,1977.797414
40.0,391,1982.290251
0.0,286,1985.462078
40.0,376,1989.674618
80.0,420,1994.510271
120.0,661,2002.185786
60.0,476,2007.605786
260.0,1155,2021.025012
60.0,462,2026.442312
120.0,663,2034.21491
160.0,666,2041.957735
100.0,468,2047.262972
140.0,571,2053.861477
80.0,480,2059.312214
20.0,357,2063.41974
200.0,639,2070.947876
80.0,577,2077.683344
100.0,521,2084.794816
60.0,459,2090.209592
120.0,498,2095.810043
140.0,735,2104.332345
40.0,439,2109.4273
40.0,406,2114.154668
120.0,547,2120.468111
200.0,941,2131.394552
140.0,449,2136.560665
240.0,867,2146.61283
100.0,556,2153.233164
220.0,982,2166.164869
60.0,507,2172.693036
140.0,668,2181.014579
60.0,436,2186.223889
140.0,621,2193.928128
320.0,1210,2208.847852
180.0,727,2217.990623
20.0,331,2221.995759
220.0,721,2231.062517
140.0,716,2240.253303
140.0,469,2245.660709
140.0,544,2252.051486
120.0,563,2258.972106
160.0,634,2266.647356
80.0,494,2272.301965
180.0,789,2281.283813
20.0,410,2285.948689
120.0,543,2292.143109
20.0,448,2297.418082
0.0,335,2301.239859
360.0,1045,2313.354107
80.0,425,2318.187512
0.0,304,2321.660026
120.0,574,2328.294854
60.0,395,2333.459758
0.0,326,2337.474029
60.0,433,2342.703086
60.0,513,2348.755031
20.0,376,2353.212417
40.0,480,2358.987518
0.0,323,2362.96605
40.0,405,2367.996913
60.0,411,2372.955433
60.0,376,2377.494779
140.0,633,2384.947452
0.0,312,2388.576134
0.0,339,2392.684783
100.0,548,2399.046833
100.0,637,2406.545986
160.0,758,2415.441625
120.0,723,2424.946179
0.0,331,2428.881695
140.0,692,2436.954866
60.0,439,2442.296054
180.0,745,2451.321707
80.0,438,2457.139076
40.0,345,2461.193522
40.0,595,2468.161598
60.0,417,2472.952614
260.0,900,2483.480199
20.0,390,2488.118563
80.0,451,2493.413217
100.0,563,2500.094697
0.0,317,2503.855209
200.0,675,2512.336234
140.0,597,2520.365567
140.0,720,2529.529909
20.0,521,2536.791561
60.0,385,2542.16589
40.0,421,2548.222026
80.0,534,2555.29009
0.0,314,2559.457112
160.0,851,2570.133212
60.0,405,2575.262604
40.0,411,2581.042309
100.0,536,2587.529819
80.0,443,2592.782748
120.0,604,2600.081949
200.0,734,2608.613226
60.0,419,2613.987513
140.0,529,2620.001822
120.0,567,2626.700813
40.0,369,2630.828033
60.0,434,2635.802883
100.0,545,2642.347777
140.0,562,2648.792027
80.0,387,2653.267695
180.0,835,2663.075612
180.0,823,2672.749274
120.0,493,2678.306151
120.0,728,2686.622846
80.0,556,2693.496458
360.0,998,2705.869376
260.0,1006,2717.660697
80.0,478,2723.639879
60.0,454,2728.88464
200.0,692,2737.293962
340.0,1084,2750.617115
40.0,420,2755.381877
60.0,467,2760.942295
200.0,692,2769.299957
180.0,798,2778.549231
0.0,335,2782.589032
60.0,422,2787.368154
140.0,677,2795.149197
80.0,631,2802.515735
360.0,995,2814.43927
0.0,349,2818.404561
80.0,557,2825.686911
80.0,618,2833.101433
240.0,775,2842.048884
160.0,704,2850.100482
140.0,724,2858.318533
80.0,513,2864.20226
180.0,745,2873.245281
60.0,531,2879.612072
200.0,719,2888.298597
120.0,533,2894.604381
120.0,535,2900.662615
220.0,875,2911.046969
280.0,916,2921.747924
120.0,765,2930.960866
140.0,601,2937.880236
120.0,481,2943.580465
280.0,851,2953.880812
20.0,381,2958.254703
360.0,1144,2971.742943
240.0,959,2983.250073
40.0,434,2988.133175
220.0,703,2996.802888
40.0,385,3001.200915
120.0,606,3008.372169
240.0,627,3015.527136
120.0,596,3022.396307
240.0,959,3033.37503
160.0,557,3039.630145
120.0,609,3046.565252
200.0,1035,3058.50492
140.0,546,3064.755903
100.0,560,3071.402946
60.0,423,3076.32105
100.0,507,3082.124794
120.0,430,3087.177138
120.0,540,3093.410335
40.0,395,3097.999114
180.0,716,3106.454807
100.0,522,3112.536846
60.0,458,3117.926253
260.0,958,3128.895347
40.0,434,3133.814374
80.0,645,3141.207611
480.0,1463,3159.570848
80.0,503,3166.403225
140.0,545,3174.716036
140.0,656,3183.254295
380.0,1415,3201.023892
60.0,339,3205.296776
40.0,426,3210.327575
60.0,463,3215.680649
60.0,379,3219.975215
0.0,330,3223.722911
60.0,466,3229.014426
80.0,479,3234.584427
0.0,329,3238.419333
20.0,351,3242.446755
120.0,599,3249.396264
60.0,495,3255.280988
80.0,394,3259.935144
260.0,905,3270.673542
40.0,381,3274.936021
160.0,609,3281.78389
100.0,444,3286.785019
120.0,551,3293.006727
80.0,545,3299.190581
20.0,358,3303.201185
120.0,598,3310.870929
40.0,389,3316.834349
60.0,455,3322.499878
60.0,438,3327.440519
100.0,472,3332.735791
20.0,440,3337.697148
100.0,565,3344.09025
20.0,355,3348.076236
80.0,479,3354.302954
340.0,1167,3368.500303
180.0,680,3376.565222
100.0,546,3383.061926
60.0,430,3388.159209
0.0,368,3392.722157
20.0,385,3397.237336
20.0,369,3401.426352
140.0,844,3411.030927
240.0,899,3421.34286
80.0,516,3427.223272
180.0,681,3436.503561
60.0,470,3442.286008
120.0,534,3449.777941
100.0,694,3458.560473
140.0,575,3465.756887
200.0,698,3474.662367
160.0,647,3482.633207
220.0,934,3493.6295
60.0,447,3499.105245
140.0,576,3506.062816
140.0,734,3514.956697
160.0,793,3524.862303
180.0,765,3533.776929
160.0,549,3540.047973
120.0,566,3546.591887
120.0,603,3553.437795
160.0,1071,3566.007924
160.0,584,3573.043231
200.0,631,3580.228859
120.0,729,3588.862679
140.0,640,3596.364768
180.0,565,3603.319366
80.0,428,3608.300181
220.0,818,3617.802589
60.0,454,3623.397453
200.0,729,3631.899141
160.0,579,3638.94891
260.0,867,3649.398104
220.0,719,3657.765567
220.0,675,3665.671425
80.0,501,3671.622622
120.0,707,3679.797007
120.0,601,3686.928919
200.0,720,3695.73737
180.0,869,3706.397969
180.0,752,3715.15512
60.0,506,3720.990916
300.0,1138,3734.395952
300.0,963,3745.452002
200.0,897,3755.752698
220.0,773,3765.117808
240.0,847,3775.414231
200.0,905,3786.073116
240.0,859,3796.198755
60.0,492,3801.901139
260.0,960,3813.675926
320.0,1167,3827.485925
280.0,1016,3839.491782
380.0,1219,3853.875705
260.0,860,3864.268342
60.0,455,3869.658036
160.0,659,3877.229093
140.0,520,3883.188442
320.0,906,3893.689752
280.0,978,3905.168795
100.0,522,3911.326217
160.0,674,3919.239197
80.0,468,3924.744618
340.0,1222,3939.093126
60.0,673,3946.975561
200.0,749,3955.611269
180.0,784,3964.767357
400.0,1253,3979.708084
460.0,1557,3997.608083
260.0,894,4007.815176
280.0,925,4018.421577
160.0,582,4025.086589
220.0,707,4033.143707
200.0,613,4040.138517
220.0,885,4050.332283
200.0,870,4060.368703
460.0,1458,4077.19181
160.0,698,4085.188656
120.0,541,4091.3745
100.0,597,4098.239602
340.0,1353,4113.982674
360.0,1447,4130.670414
180.0,674,4138.455778
400.0,1526,4156.032502
60.0,559,4162.408122
140.0,703,4170.410895
300.0,1006,4181.918457
240.0,955,4192.811857
60.0,441,4197.765672
300.0,1006,4209.352478
100.0,634,4216.549008
120.0,631,4223.725672
40.0,386,4228.662156
40.0,433,4233.612423
200.0,792,4242.719778
280.0,879,4252.834453
80.0,460,4258.15137
280.0,1257,4272.76406
120.0,547,4279.152086
0.0,296,4282.469409
180.0,650,4290.220883
420.0,1441,31322.028686
160.0,746,31333.956884
260.0,1274,31346.851432
0.0,346,31350.352846
200.0,914,31359.282334
0.0,324,31362.289401
20.0,392,31366.259782
40.0,435,31370.485102
0.0,327,31373.661365
0.0,422,31377.665106
100.0,497,31382.540607
260.0,1059,31392.713103
0.0,325,31396.165849
140.0,719,31403.335874
0.0,376,31406.90638
220.0,895,31415.548357
40.0,424,31419.751094
140.0,702,31426.548781
20.0,333,31429.624651
40.0,399,31433.333592
0.0,382,31436.919899
20.0,342,31440.455255
20.0,456,31444.919127
60.0,395,31448.574656
0.0,306,31451.403264
140.0,785,31459.060388
80.0,444,31463.414737
40.0,387,31467.360277
100.0,684,31474.620091
40.0,413,31478.614268
0.0,429,31482.639746
0.0,410,31486.533492
20.0,398,31490.204025
20.0,390,31493.812757
60.0,480,31498.403666
260.0,982,31507.599087
80.0,493,31512.205454
100.0,477,31516.687887
60.0,524,31521.648003
140.0,785,31528.997417
100.0,617,31534.855739
300.0,1167,31545.804104
80.0,493,31550.361622
80.0,547,31555.467283
100.0,489,31560.076495
320.0,1183,31571.144475
220.0,1026,31580.562605
180.0,575,31585.812196
140.0,556,31590.966231
160.0,710,31597.358221
160.0,629,31603.114842
340.0,1202,31614.220101
220.0,868,31622.433944
320.0,1048,31632.593543
80.0,434,31636.606828
220.0,771,31643.559592
160.0,552,31648.603181
80.0,524,31653.394089
140.0,711,31659.838908
20.0,358,31663.099868
100.0,581,31668.485403
360.0,1242,31679.896541
140.0,640,31685.857206
0.0,316,31688.649328
220.0,878,31696.806404
160.0,595,31702.160671
140.0,561,31707.26031
80.0,492,31711.797329
160.0,671,31717.922384
100.0,483,31722.316584
100.0,483,31726.794657
320.0,1398,31739.770391
40.0,401,31743.534792
200.0,720,31750.050523
280.0,988,31759.208946
340.0,1206,31770.281428
260.0,1255,31781.911333
220.0,814,31789.417819
360.0,1485,31803.153249
200.0,865,31811.070133
120.0,559,31816.138412
120.0,549,31821.356913
520.0,1731,31837.31579
220.0,741,31844.136233
240.0,756,31851.065882
360.0,1371,31863.838431
140.0,571,31869.034444
100.0,530,31873.919793
80.0,631,31879.714127
100.0,756,31886.54518
180.0,703,31893.028064
140.0,689,31899.297549
140.0,789,31906.53128
40.0,391,31910.163441
80.0,447,31914.285221
80.0,496,31918.81398
0.0,389,31922.321773
80.0,562,31927.477198
20.0,344,31930.584227
80.0,500,31935.11061
80.0,559,31940.260889
0.0,383,31943.718208
60.0,407,31947.35598
20.0,371,31950.730772
160.0,787,31958.098365
40.0,369,31961.390957
200.0,922,31970.113883
20.0,470,31974.338249
100.0,472,31978.595676
80.0,523,31983.361746
140.0,783,31990.540287
60.0,512,31995.196851
120.0,779,32002.391741
140.0,797,32009.697051
0.0,334,32012.735815
0.0,343,32015.908064
120.0,850,32023.589213
80.0,704,32030.164059
120.0,501,32034.691555
260.0,932,32043.243607
340.0,1206,32054.457114
200.0,808,32061.898102
300.0,1186,32072.860838
60.0,491,32077.384672
280.0,989,32086.398587
460.0,1393,32099.314366
120.0,642,32105.428714
220.0,890,32113.479241
140.0,762,32120.564951
140.0,599,32125.96026
120.0,557,32131.055688
160.0,768,32138.095434
240.0,930,32146.62777
140.0,883,32154.837576
120.0,551,32159.834066
360.0,1131,32170.284474
80.0,478,32174.593882
360.0,1032,32184.156857
80.0,752,32190.95245
220.0,932,32199.669277
160.0,770,32206.717978
340.0,1317,32218.992878
100.0,631,32224.779335
300.0,1077,32234.874481
60.0,472,32239.150764
80.0,507,32243.857362
220.0,837,32251.450289
180.0,708,32258.048925
80.0,711,32264.498261
260.0,908,32272.889183
240.0,895,32281.097328
100.0,592,32286.55788
60.0,432,32290.552668
400.0,1410,32303.778047
120.0,652,32309.64366
140.0,638,32315.485776
220.0,829,32323.109098
280.0,875,32331.26955
200.0,876,32339.502857
320.0,1127,32350.014071
240.0,662,32356.100167
100.0,670,32362.228817
180.0,682,32368.509594
160.0,1032,32377.96012
180.0,708,32384.484512
100.0,565,32389.624298
180.0,726,32396.355834
160.0,755,32403.525139
100.0,549,32408.628251
240.0,941,32417.330784
240.0,989,32426.533311
220.0,832,32434.11241
200.0,719,32440.857964
200.0,846,32448.585558
200.0,801,32456.056462
220.0,750,32462.890681
340.0,1357,32475.536462
160.0,744,32482.3732
260.0,970,32491.379338
160.0,717,32497.996195
300.0,1060,32508.6479
320.0,1147,32520.177549
240.0,903,32529.144817
200.0,783,32537.163218
200.0,833,32545.585006
380.0,1171,32556.931116
180.0,1001,32566.060018
220.0,789,32573.210057
100.0,509,32577.832741
180.0,692,32584.112126
340.0,1193,32594.983867
180.0,623,32600.561571
140.0,665,32606.599097
440.0,1393,32619.496958
300.0,1002,32629.42235
380.0,1357,32641.968564
340.0,1073,32652.160708
240.0,998,32662.162402
320.0,1070,32672.297573
120.0,663,32678.235054
260.0,909,32686.921268
160.0,593,32692.403852
120.0,906,32701.037442
40.0,352,32704.458316
160.0,867,32712.53244
140.0,604,32718.148222
120.0,589,32723.424714
220.0,694,32729.762944
140.0,539,32734.792684
140.0,612,32740.206715
180.0,772,32747.295039
140.0,648,32753.342255
100.0,807,32761.07261
260.0,883,32769.912696
180.0,801,32778.052823
240.0,992,32787.525223
180.0,621,32793.249449
280.0,1006,32802.311486
140.0,645,32808.231136
220.0,959,32816.770294
260.0,960,32825.647587
180.0,697,32831.830034
320.0,1233,32843.065493
220.0,764,32849.938358
260.0,965,32858.884024
160.0,808,32866.124355
220.0,855,32873.862034
360.0,1396,32886.865182
380.0,1440,32901.571112
200.0,763,32908.9362
140.0,807,32916.492476
200.0,849,32924.445383
120.0,703,32931.795059
220.0,868,32939.780751
160.0,704,32947.963418
160.0,592,32954.47818
220.0,971,32965.696201
80.0,586,32971.934863
180.0,767,32981.060331
160.0,753,32988.861942
240.0,969,32999.483889
200.0,905,33009.002281
120.0,691,33016.341856
280.0,1036,33027.123994
140.0,680,33034.300253
100.0,782,33042.805759
180.0,887,33052.071293
120.0,713,33059.413617
160.0,791,33067.786858
160.0,778,33076.259545
160.0,802,33085.164762
260.0,1152,33098.056718
220.0,780,33106.132263
100.0,548,33111.982793
180.0,708,33119.19077
140.0,806,33126.908195
280.0,980,33136.38482
480.0,1697,33155.174011
120.0,744,33163.613926
140.0,644,33170.555308
220.0,1084,33181.049368
260.0,1059,33191.603538
140.0,642,33198.044357
200.0,667,33205.079831
280.0,993,33215.963738
320.0,1404,33230.931055
180.0,833,33239.539636
400.0,1416,33253.644597
100.0,550,33259.073921
220.0,913,33268.243865
160.0,635,33274.414714
260.0,979,33283.893048
200.0,795,33291.493805
180.0,892,33300.078666
240.0,989,33309.592879
380.0,1426,33323.442448
260.0,1503,33338.137539
320.0,1038,33348.192361
180.0,864,33356.487471
260.0,924,33365.345151
120.0,876,33373.709746
160.0,1066,33383.775305
240.0,964,33393.066212
200.0,546,33398.316215
140.0,825,33406.435637
180.0,977,33416.057035
180.0,819,33423.907607
240.0,1101,33434.9124
260.0,984,33445.231292
120.0,857,33453.767419
260.0,1047,33464.948364
280.0,1140,33475.858289
140.0,689,33482.742258
220.0,1392,33496.363226
60.0,638,33502.447565
140.0,752,33509.86817
260.0,1002,33519.62528
180.0,525,33524.733535
160.0,967,33533.938365
180.0,689,33540.540508
180.0,1213,33552.031946
140.0,779,33559.419617
160.0,595,33565.050578
300.0,902,33573.60094
140.0,1092,33583.95194
160.0,899,33592.54203
280.0,1333,33605.294951
280.0,1019,33614.872098
220.0,864,33623.072625
220.0,928,33631.942307
280.0,943,33640.855655
160.0,681,33647.294668
220.0,888,33656.047745
120.0,605,36191.758355
180.0,864,36200.344544
220.0,943,36210.078931
460.0,1489,36224.242372
120.0,780,36231.574171
240.0,1461,36245.420794
200.0,821,36253.244344
140.0,753,36260.259173
220.0,933,36269.242728
160.0,612,36274.955469
140.0,737,36281.963062
220.0,791,36289.362749
180.0,735,36296.452232
260.0,1149,36307.52358
100.0,545,36312.8273
340.0,1205,36324.301528
140.0,668,36330.676375
260.0,1043,36340.708489
200.0,926,36349.483799
180.0,714,36356.349989
160.0,700,36362.981474
340.0,1345,36375.842588
120.0,754,36382.925781
40.0,647,36389.174395
200.0,1147,36400.248137
260.0,1050,36410.40052
120.0,598,36416.045863
200.0,792,36423.559518
220.0,888,36432.147342
160.0,711,36439.013609
200.0,960,36448.369369
140.0,781,36455.762906
340.0,1171,36466.989058
100.0,540,36472.162018
80.0,751,36479.356541
80.0,520,36484.304422
320.0,1356,36498.380353
100.0,602,36504.974236
380.0,1372,36520.350799
280.0,1062,36531.914276
260.0,1000,36543.031054
120.0,679,36549.912203
200.0,1095,36561.251039
400.0,1486,36577.525887
400.0,1459,36593.801352
400.0,1782,36609.868546
200.0,782,36617.01965
360.0,1705,36632.401048
200.0,1127,36642.559633
500.0,1870,36659.585889
280.0,1471,36674.722682
320.0,1093,36685.971541
220.0,977,36696.696846
120.0,593,36702.539215
200.0,712,36709.868606
280.0,1183,36721.697437
200.0,704,36728.068575
140.0,738,36734.699142
220.0,920,36743.104414
220.0,919,36751.355018
260.0,1048,36761.478128
180.0,1044,36772.155711
360.0,1383,36786.793049
180.0,833,36795.375087
260.0,1273,36808.982208
300.0,995,36819.972241
100.0,651,36826.76246
180.0,1071,36838.413009
200.0,974,36848.799849
120.0,609,36854.564379
380.0,1808,36872.612896
80.0,618,36878.544028
260.0,1105,36888.967141
340.0,1323,36901.490636
120.0,722,36908.275483
180.0,928,36916.884751
200.0,984,36926.175892
140.0,742,36933.484338
60.0,495,36938.310426
40.0,623,36944.677392
120.0,873,36954.297431
40.0,512,36959.967669
160.0,803,36969.499014
240.0,1123,36981.515184
220.0,1152,36994.894384
200.0,681,37001.789298
160.0,641,37008.605928
120.0,928,37018.991447
220.0,924,37028.574541
160.0,921,37038.879708
280.0,1423,37054.101118
20.0,390,37058.138778
120.0,751,37066.146536
260.0,1199,37078.623007
360.0,1191,37090.607962
60.0,607,37096.829238
120.0,647,37103.398442
140.0,791,37112.007263
280.0,1186,37124.294227
300.0,909,37133.200544
440.0,1214,37145.291267
40.0,463,37149.689589
160.0,688,37156.239947
180.0,889,37164.773389
240.0,1118,37175.618715
320.0,1190,37187.532135
60.0,470,37191.962211
300.0,1109,37202.944259
200.0,723,37209.73479
40.0,498,37214.463019
0.0,375,37218.279352
140.0,890,37227.994582
80.0,588,37235.073932
120.0,715,37242.861441
280.0,1638,37259.820089
300.0,1432,37274.444128
120.0,575,37280.246637
180.0,766,37287.507304
220.0,784,37294.773062
400.0,1583,37310.18507
440.0,1549,37324.473187
220.0,905,37332.717382
220.0,1079,37342.456545
120.0,1072,37352.149045
100.0,786,37359.470568
120.0,894,37367.52074
400.0,1390,37380.227072
140.0,573,37385.377422
220.0,859,37393.26797
340.0,1321,37405.578415
200.0,1093,37415.881389
240.0,1189,37426.790414
440.0,1686,37442.389389
360.0,1256,37453.858219
340.0,1224,37464.96869
220.0,867,37473.178075
140.0,1159,37483.796589
200.0,940,37492.186125
360.0,1362,37504.974293
280.0,1114,37515.126438
140.0,608,37520.561193
200.0,1085,37530.427554
240.0,1453,37543.427088
180.0,999,37552.494311
240.0,1017,37561.876046
160.0,714,37568.458204
200.0,820,37576.192077
420.0,1428,37589.367505
180.0,702,37595.761149
220.0,1212,37606.81866
180.0,708,37613.411833
500.0,1730,37629.222219
160.0,721,37635.838161
640.0,1983,37654.091354
420.0,1528,37667.808904
340.0,1274,37679.41167
360.0,1284,37691.113968
280.0,974,37700.671085
200.0,1162,37711.430696
240.0,1063,37721.394329
180.0,790,37728.496836
180.0,751,37735.390063
220.0,973,37744.093569
100.0,496,37748.65113
200.0,887,37756.485998
300.0,1187,37767.900733
140.0,770,37774.902456
240.0,971,37784.338709
160.0,929,37792.768663
220.0,1091,37802.77569
160.0,813,37810.165083
300.0,1348,37822.369718
160.0,1013,37831.566138
160.0,885,37839.541931
280.0,1252,37850.868123
160.0,869,37859.774045
120.0,846,37867.376987
160.0,825,37874.978023
60.0,468,37879.1738
300.0,1439,37893.095317
360.0,1415,37905.931956
200.0,1061,37915.646764
240.0,1129,37926.283244
200.0,1055,37935.987412
100.0,880,37944.212409
280.0,1501,37959.095912
240.0,1050,37970.452796
160.0,750,37977.897307
240.0,938,37987.974645
400.0,1635,38004.285143
160.0,928,38013.286705
340.0,1291,38026.282935
100.0,744,38034.040344
180.0,1023,38044.606273
100.0,621,38051.321408
300.0,1237,38064.121594
300.0,1375,38077.665097
320.0,1169,38089.851537
440.0,1584,38107.192834
440.0,1379,38121.458662
340.0,1078,38132.989943
160.0,937,38142.057796
220.0,900,38151.469828
420.0,1597,38168.415581
100.0,575,38174.915236
160.0,740,38182.379267
140.0,769,38189.955996
340.0,1067,38200.59553
320.0,1182,38212.343101
180.0,1049,38222.557772
200.0,1169,38234.06451
160.0,723,38241.121629
140.0,863,38249.502208
200.0,779,38257.032722
260.0,1228,38269.106553
100.0,636,38275.279039
140.0,571,38280.818219
100.0,899,38289.619671
140.0,871,38298.45853
200.0,1064,38308.854697
20.0,632,38314.973332
160.0,741,38322.157113
100.0,1348,38335.723789
260.0,1442,38350.222998
40.0,642,38356.805387
40.0,594,38362.90411
180.0,1139,38374.220793
140.0,953,38383.624633
60.0,642,38390.010575
220.0,941,38399.400446
80.0,474,38404.087886
0.0,592,38410.011037
0.0,500,38414.968774
80.0,729,38422.241317
140.0,1172,38434.098633
260.0,1050,38444.543648
240.0,1284,38457.304543
60.0,655,38463.79215
400.0,1524,38478.671342
180.0,1178,38490.191554
320.0,1577,38505.658169
80.0,665,38512.159745
180.0,941,38521.321234
280.0,1382,38534.891926
120.0,797,38542.64219
180.0,775,38550.164068
200.0,940,38559.333542
260.0,1037,38569.528133
380.0,1707,38586.367138
320.0,1388,38600.03158
260.0,1279,38612.558565
80.0,702,38619.341417
320.0,1471,38633.723938
160.0,1106,38644.568431
200.0,895,38653.439709
280.0,1271,38667.089591
200.0,915,38676.635052
200.0,990,38686.934511
140.0,773,38695.467206
180.0,760,38702.937028
200.0,1248,38715.69591
100.0,758,38723.377334
100.0,850,38732.037816
200.0,872,38741.177522
480.0,1959,38761.494416
320.0,1435,38776.677939
260.0,1105,38793.864878
80.0,647,38800.190664
120.0,819,38809.351375
100.0,584,38815.303531
180.0,928,38825.958446
240.0,1084,38836.649462
120.0,833,38844.641448
240.0,1409,38859.028558
120.0,826,38867.468232
80.0,703,38874.666737
100.0,759,38882.379014
180.0,1578,38897.419598
180.0,874,38905.77035
160.0,1272,38918.108102
200.0,852,38926.403068
320.0,1275,38938.968771
80.0,905,38947.898425
280.0,1415,38962.778185
280.0,1279,38976.849285
120.0,563,38982.535903
240.0,1390,38996.946835
280.0,1397,39011.841818
140.0,561,39017.520918
360.0,1367,39031.78019
220.0,1118,39043.366531
420.0,1707,39062.835022
260.0,1348,39078.306959
160.0,945,39091.319192
260.0,1052,39105.943523
180.0,1103,39118.761267
180.0,1061,39129.68693
260.0,1164,39141.405218
280.0,1432,39162.618075
280.0,1272,39181.309896
380.0,1420,39195.756378
420.0,1480,39210.639602
340.0,1393,39224.203209
360.0,1134,39235.476693
400.0,1244,39247.637301
280.0,1096,39258.26796
200.0,1168,39270.254627
480.0,1758,39287.856685
340.0,1551,39304.190424
440.0,1439,39319.43751
520.0,1537,39335.507241
460.0,1736,39353.422852
380.0,1329,39366.938073
380.0,1235,39379.959191
60.0,729,39387.339053
360.0,1675,39404.916132
140.0,946,39414.647412
320.0,962,39424.801295
360.0,1382,39438.320355
100.0,681,39444.853275
160.0,1054,39454.931313
60.0,708,39461.655684
280.0,1167,39472.876748
200.0,1209,39484.602526
320.0,1490,39499.022113
320.0,1322,39511.728426
200.0,976,39521.105767
160.0,1122,39531.796729
80.0,742,39538.959869
200.0,1150,39549.943588
300.0,1336,39562.93342
340.0,2010,39582.456453
160.0,1520,39597.093126
300.0,1537,39611.842487
460.0,1531,39627.062591
220.0,874,39635.286358
440.0,1587,39650.707868
160.0,915,39660.351393
220.0,786,39667.868913
280.0,1146,39679.270813
320.0,1298,39692.289057
140.0,758,39699.639545
260.0,1117,39710.655766
300.0,1609,39727.153689
120.0,1051,39737.564431
240.0,1065,39749.1581
300.0,1280,39762.194066
260.0,1070,39772.633114
200.0,937,39781.91672
320.0,1349,39795.481599
100.0,1223,39807.98224
220.0,1029,39817.903338
240.0,1046,39828.03778
220.0,1024,39837.886725
260.0,1532,39853.296798
320.0,1491,39868.068288
180.0,930,39876.965055
140.0,808,39884.686337
240.0,1030,39894.924838
300.0,1251,39908.562758
300.0,1243,39921.765633
200.0,1077,39932.994829
340.0,1320,39946.093864
280.0,1038,39956.443977
320.0,970,39965.74955
160.0,710,39972.483416
360.0,1497,39987.380922
120.0,630,39993.467224
200.0,977,40003.53612
240.0,936,40014.734382
220.0,1334,40029.768553
200.0,851,40039.101686
240.0,1276,40054.187692
180.0,856,40063.038299
160.0,846,40071.589714
200.0,1016,40081.938813
240.0,874,40090.58126
160.0,686,40097.475512
200.0,1143,40108.816228
220.0,1144,40120.455799
140.0,941,40132.354836
240.0,856,40143.0627
280.0,1169,40155.240235
360.0,1376,40168.965878
280.0,1207,40180.496584
260.0,1071,40191.14465
320.0,1307,40204.41225
600.0,1763,40221.316247
520.0,2039,40240.684647
480.0,1718,40257.274291
480.0,1447,40271.235037
440.0,1646,40287.833225
320.0,1284,40300.336965
480.0,1750,40317.347823
340.0,1155,40328.649038
520.0,1627,40344.521619
300.0,935,40353.692439
560.0,1889,40372.440107
440.0,1393,40386.010954
420.0,1525,40400.955521
280.0,1094,40411.385512
640.0,2033,40430.911371
260.0,1247,40442.744615
560.0,1819,40460.255489
520.0,1694,40476.478747
360.0,1501,40490.83966
500.0,1684,40507.013776
600.0,1653,40523.018232
420.0,1658,40538.869653
500.0,1572,40553.885318
640.0,2024,40574.906538
540.0,1793,40594.28015
560.0,1898,40616.361951
360.0,1270,40630.028374
500.0,1616,40648.676161
480.0,1790,40670.002938
620.0,2019,40692.361259
420.0,1366,40706.830969
400.0,1203,40719.317569
480.0,1619,40736.39817
320.0,1259,40749.268959
460.0,1600,40766.331181
480.0,1786,40785.139861
360.0,1284,40798.662681
580.0,1869,40817.93609
480.0,1444,40832.659724
720.0,2106,40852.956395
720.0,2159,40873.78838
600.0,1664,40889.044644
540.0,1780,40906.387064
640.0,1987,40926.526449
520.0,1640,40943.124043
380.0,1343,40956.376109
500.0,1622,40972.476151
620.0,1934,40991.291992
440.0,1509,41006.441875
700.0,2240,41029.001939
560.0,1725,41046.011585
520.0,1691,41061.595095
480.0,1622,41077.215327
660.0,2076,41098.125865
640.0,2026,41118.35779
360.0,1369,41130.858243
540.0,1785,41147.449287
620.0,1740,41163.287185
660.0,1854,41180.364908
340.0,1056,41191.860906
800.0,2302,41214.570978
460.0,1495,41228.779591
680.0,1854,41246.596382
560.0,1572,41261.585027
380.0,1225,41272.915672
720.0,2041,41291.481714
320.0,968,41300.484661
400.0,1217,41311.511011
360.0,1127,41321.766964
540.0,1452,41335.140789
600.0,1821,41352.490536
500.0,1456,41366.205135
520.0,1462,41380.667323
480.0,1510,41395.027484
500.0,1481,41408.925349
760.0,2097,41429.001224
600.0,1747,41445.113739
500.0,1477,41458.792865
380.0,1222,41469.968622
620.0,1786,41486.864654
600.0,1778,41503.736306
820.0,2244,41525.21878
780.0,2243,41546.473051
500.0,1596,41562.043378
620.0,1763,41579.606389
560.0,1801,41599.299701
500.0,1456,41614.743881
520.0,1810,41632.003436
460.0,1574,41646.34451
640.0,2019,41664.774132
340.0,1188,41675.637707
540.0,1746,41692.235344
420.0,1347,41705.155247
380.0,1440,41720.247391
500.0,1599,41736.036348
520.0,1812,41753.660147
660.0,1943,41771.611621
560.0,1745,41787.640819
620.0,1944,41805.521444
600.0,1760,41821.80525
540.0,1582,41836.25288
640.0,1948,41854.243882
360.0,1186,41865.089132
500.0,1538,41879.07834
560.0,1571,41893.577994
500.0,1561,41907.818993
620.0,1833,41924.638065
740.0,2063,41943.556321
800.0,2266,41964.585713
640.0,1858,41981.485967
340.0,1018,41990.76024
640.0,1757,42006.835983
600.0,1814,42023.910445
640.0,1821,42041.223086
580.0,1867,42058.163616
520.0,1427,42071.407108
500.0,1655,42086.874428
720.0,2094,42106.138971
440.0,1415,42119.18313
780.0,2263,42139.774004
500.0,1359,42152.266566
640.0,1866,42169.415905
640.0,1857,42186.425081
660.0,1958,42204.676437
780.0,2271,42225.800024
600.0,1849,42243.189156
540.0,1701,42259.992136
320.0,1030,42269.350537
580.0,1776,42286.353574
520.0,1774,42303.539909
320.0,1378,42316.183127
440.0,1531,42330.346802
600.0,1882,42347.777004
620.0,1856,42365.003377
440.0,1418,42378.059807
500.0,1579,42392.501143
480.0,1315,42404.823055
560.0,1672,42420.297246
680.0,1788,42436.748464
420.0,1132,42447.362334
480.0,1305,42459.161078
340.0,991,42468.208897
380.0,1081,42478.977825
800.0,2029,42497.603015
580.0,1746,42514.503544
700.0,1971,42533.134094
520.0,1388,42546.908053
640.0,1788,42564.351324
600.0,1890,42582.013838
640.0,1838,42600.148263
480.0,2002,42619.203927
260.0,850,42627.305539
260.0,1002,42637.49882
460.0,1333,42650.216813
520.0,1230,42662.623591
400.0,1259,42675.276865
240.0,703,42681.973262
260.0,790,42689.490923
340.0,822,42697.30538
320.0,928,42706.682558
400.0,1182,42719.165198
180.0,505,42724.210663
440.0,1116,42735.507439
440.0,1436,42750.105249
400.0,1079,42760.685942
440.0,1341,42774.406268
500.0,1457,42789.172993
400.0,1048,42800.145636
420.0,1174,42812.182432
580.0,1815,42831.462849
660.0,1865,42850.880897
340.0,1176,42863.70539
