# {"t_start": 1554460806.1331735, "env_id": "SeaquestNoFrameskip-v4"} 
r,l,t
20.0,338,54.895896
140.0,584,56.715988
80.0,760,59.428897
180.0,833,62.21128
100.0,529,63.890708
180.0,864,66.604739
100.0,466,68.062772
0.0,361,69.288439
0.0,312,70.245862
140.0,539,71.928903
20.0,404,73.185056
40.0,540,74.858214
240.0,953,77.865258
280.0,1150,81.483968
140.0,824,84.089898
200.0,783,88.048731
0.0,345,91.215057
40.0,457,95.413916
180.0,840,103.217876
20.0,442,107.263642
0.0,332,110.299362
180.0,795,117.678157
120.0,570,122.988632
20.0,363,127.022995
0.0,305,130.284054
20.0,420,134.297323
40.0,467,138.819219
60.0,583,144.397602
180.0,757,151.407542
80.0,507,156.103682
40.0,402,159.74855
180.0,752,166.762754
100.0,551,171.78653
40.0,386,175.328118
60.0,464,179.581655
20.0,332,182.695469
80.0,514,187.422894
120.0,604,193.096166
0.0,333,196.156507
80.0,402,199.830853
240.0,747,206.875562
60.0,498,211.485334
120.0,536,216.439937
200.0,870,224.590178
20.0,365,227.945667
40.0,439,232.003073
80.0,492,236.805014
140.0,655,243.381114
120.0,542,249.675962
80.0,475,254.243957
40.0,406,258.163023
120.0,638,264.286087
60.0,399,268.025514
140.0,713,274.750013
80.0,486,279.382512
20.0,330,282.564009
80.0,406,286.327672
120.0,726,293.992284
60.0,560,300.600315
60.0,423,305.397567
80.0,486,310.333398
0.0,306,313.261062
40.0,407,317.122732
160.0,577,322.851268
300.0,901,331.688169
80.0,536,337.136263
40.0,440,341.500448
0.0,287,344.182688
60.0,450,348.300359
60.0,465,352.55885
100.0,543,357.561185
60.0,400,361.187857
120.0,619,367.014875
60.0,579,372.570422
160.0,591,378.277368
0.0,293,381.023703
160.0,588,386.72438
120.0,564,392.420813
60.0,462,397.75636
20.0,359,401.648547
40.0,514,407.205887
280.0,914,416.747904
100.0,604,422.952673
20.0,404,427.178654
80.0,423,431.277686
160.0,877,439.323197
20.0,462,443.815143
20.0,506,449.234649
100.0,552,454.910061
260.0,843,463.809906
20.0,408,467.774575
80.0,562,473.149717
100.0,611,478.649791
20.0,328,481.589201
60.0,427,485.396177
120.0,588,490.817573
160.0,698,497.245451
40.0,473,501.641665
60.0,454,505.752026
200.0,736,512.469509
260.0,1114,522.699924
40.0,526,527.435861
80.0,504,532.06216
60.0,490,536.504493
60.0,381,539.984902
140.0,816,547.352911
80.0,474,551.668331
40.0,415,555.430146
80.0,519,560.122728
60.0,419,563.94056
0.0,315,566.771563
0.0,382,570.180179
80.0,552,575.270461
60.0,484,579.630641
0.0,324,582.601039
40.0,470,586.847159
180.0,761,594.220746
0.0,333,597.479456
60.0,441,602.10996
20.0,347,605.767772
20.0,417,609.794486
40.0,401,613.714883
40.0,381,617.384638
40.0,363,620.837024
20.0,475,625.424549
200.0,652,631.408557
80.0,488,635.784674
80.0,435,639.646184
60.0,509,644.212535
20.0,438,648.132089
80.0,574,653.313524
120.0,457,657.421516
80.0,470,661.580357
40.0,564,666.628535
40.0,394,670.117481
80.0,472,674.325685
120.0,970,683.063975
0.0,310,685.787316
20.0,432,689.664283
360.0,1027,698.970835
40.0,367,702.244659
380.0,1280,714.254287
60.0,535,719.03259
80.0,527,723.760826
60.0,567,728.873377
20.0,426,732.755918
40.0,389,736.199295
220.0,871,744.026642
120.0,559,749.03089
0.0,354,752.200085
100.0,532,756.959562
40.0,451,760.942782
40.0,410,764.791609
40.0,407,768.430733
160.0,712,774.979697
100.0,517,779.665287
100.0,594,785.072363
40.0,398,788.645894
120.0,846,796.322829
140.0,606,801.811233
20.0,406,805.460221
40.0,441,809.478234
160.0,654,815.429068
100.0,539,820.264302
40.0,351,823.388611
140.0,560,828.467727
60.0,493,832.89014
40.0,424,836.720397
120.0,693,843.015099
40.0,525,847.763246
40.0,398,851.343549
40.0,609,856.852753
20.0,403,860.487824
20.0,370,863.785707
60.0,416,867.499629
120.0,588,872.867933
80.0,534,877.691554
120.0,569,882.832761
0.0,341,885.888628
220.0,1026,895.166525
180.0,707,901.613616
40.0,447,905.623388
60.0,499,910.166934
160.0,612,915.687379
20.0,398,919.261125
120.0,580,924.481527
160.0,846,932.152665
60.0,449,936.193256
40.0,388,939.679152
20.0,443,943.624388
40.0,429,947.465665
40.0,391,950.970591
60.0,468,955.174818
100.0,507,959.756453
0.0,350,962.890403
60.0,519,967.568136
180.0,751,974.410481
60.0,450,978.473034
140.0,583,983.735862
100.0,499,988.252119
120.0,464,992.452008
80.0,531,997.584766
40.0,558,1003.511873
60.0,443,1007.662106
20.0,394,1011.412388
0.0,319,1014.452928
40.0,587,1020.208792
20.0,360,1023.69672
60.0,551,1028.794885
40.0,447,1032.975141
120.0,616,1038.926558
40.0,447,1043.344229
0.0,377,1046.946651
20.0,403,1050.830849
20.0,389,1054.746364
100.0,534,1059.604453
80.0,509,1064.552244
80.0,658,1071.374146
60.0,484,1075.957317
60.0,488,1080.763563
40.0,414,1084.789244
140.0,598,1090.895342
80.0,514,1095.989634
160.0,636,1102.294619
100.0,615,1108.153244
160.0,996,1117.164669
20.0,397,1120.694551
100.0,536,1125.553228
20.0,362,1128.764117
60.0,443,1132.69444
100.0,556,1137.687568
60.0,390,1141.123978
120.0,668,1147.131703
20.0,452,1151.145549
60.0,525,1155.860495
40.0,459,1159.952544
40.0,403,1163.635854
140.0,616,1169.188431
40.0,372,1172.956937
80.0,450,1177.651488
0.0,310,1180.547111
80.0,524,1185.984447
40.0,427,1190.190616
20.0,442,1194.593151
200.0,1174,1205.982592
80.0,514,1210.873138
60.0,481,1215.216776
40.0,398,1218.786645
20.0,377,1222.164232
20.0,313,1224.892052
60.0,419,1228.630957
60.0,501,1233.119245
40.0,426,1236.909012
140.0,676,1242.938393
20.0,348,1246.003214
100.0,562,1251.524832
0.0,537,1257.096683
20.0,359,1260.604158
40.0,377,1264.644289
200.0,710,1271.927668
40.0,383,1275.899066
80.0,587,1281.666654
180.0,669,1288.674248
20.0,397,1292.948597
40.0,465,1297.593552
60.0,446,1301.930614
20.0,381,1306.042896
40.0,455,1310.811798
320.0,1305,1323.198732
20.0,325,1326.097284
220.0,746,1333.608123
220.0,1099,1344.848057
100.0,560,1350.887
100.0,547,1356.529439
40.0,461,1361.147034
80.0,575,1366.900586
60.0,423,1370.885708
100.0,485,1375.707503
160.0,768,1382.956797
80.0,540,1388.348282
100.0,510,1393.091747
60.0,433,1396.9771
160.0,573,1403.032015
60.0,466,1407.338723
80.0,534,1413.010789
60.0,465,1417.77962
180.0,708,1425.255934
60.0,408,1429.147716
20.0,446,1433.318702
60.0,442,1437.382541
40.0,523,1442.20842
160.0,866,1450.716152
0.0,317,1453.584769
20.0,396,1457.158091
20.0,367,1460.4775
40.0,462,1464.663801
20.0,445,1468.731446
160.0,754,1476.05672
140.0,673,1483.125672
80.0,575,1488.712144
220.0,873,1497.170723
60.0,531,1502.294208
220.0,759,1509.915256
100.0,644,1516.105162
160.0,557,1521.325124
140.0,546,1526.499902
120.0,626,1532.857612
160.0,595,1538.588147
60.0,472,1543.113028
20.0,431,1547.157977
40.0,417,1551.148416
180.0,821,1559.139482
40.0,422,1563.115466
120.0,558,1568.441414
140.0,540,1573.519554
0.0,311,1576.500942
140.0,635,1582.700884
120.0,569,1588.072515
100.0,627,1594.10036
80.0,489,1598.775292
120.0,618,1604.328605
60.0,394,1607.846957
0.0,330,1610.797115
120.0,617,1616.335393
120.0,453,1620.4973
60.0,546,1625.476941
60.0,432,1629.43503
20.0,389,1632.904871
60.0,470,1637.276741
20.0,394,1641.025761
60.0,484,1645.424755
180.0,642,1651.211379
160.0,763,1658.339733
20.0,311,1661.293446
40.0,536,1666.566978
60.0,492,1671.404097
60.0,407,1675.042308
60.0,473,1679.276861
40.0,369,1682.601592
80.0,434,1686.443322
40.0,564,1691.751084
140.0,550,1697.275142
20.0,407,1701.035207
100.0,538,1706.221114
60.0,471,1711.005092
40.0,433,1715.368347
160.0,565,1720.912858
80.0,428,1724.782158
60.0,520,1729.473895
40.0,473,1733.754697
140.0,700,1740.667211
80.0,607,1747.137929
20.0,450,1751.394414
80.0,568,1756.588694
220.0,926,1765.112389
80.0,522,1769.90632
80.0,570,1775.158532
240.0,742,1781.97807
160.0,592,1787.397444
100.0,575,1792.647005
60.0,496,1797.169915
60.0,521,1802.206547
200.0,779,1809.786562
80.0,459,1814.006615
220.0,994,1822.996368
100.0,665,1828.986776
220.0,769,1835.958657
80.0,434,1840.197023
140.0,684,1847.310573
180.0,763,1854.668571
140.0,532,1859.68385
60.0,417,1863.447614
240.0,892,1871.935266
60.0,464,1876.370131
60.0,393,1879.973417
140.0,862,1888.457906
80.0,465,1893.267833
20.0,396,1897.597993
260.0,950,1907.159698
160.0,701,1914.44171
160.0,657,1920.873183
100.0,458,1924.947448
120.0,572,1930.134968
80.0,611,1935.610396
180.0,789,1942.702088
20.0,381,1946.117416
40.0,393,1949.598362
60.0,439,1954.445265
0.0,358,1957.988547
120.0,520,1963.007016
100.0,523,1967.938728
60.0,427,1971.891199
60.0,489,1976.365021
140.0,529,1981.123554
60.0,507,1985.699435
100.0,669,1991.800236
0.0,376,1995.18633
100.0,584,2000.72492
60.0,499,2005.392618
80.0,481,2009.812478
360.0,1317,2022.78371
20.0,343,2025.922724
60.0,479,2030.231915
80.0,618,2036.501461
120.0,577,2042.103116
60.0,387,2045.795123
40.0,448,2050.396778
80.0,504,2055.09092
180.0,739,2062.392591
120.0,603,2068.412957
120.0,561,2073.75294
40.0,479,2078.287337
160.0,592,2084.003773
220.0,744,2091.399793
80.0,425,2095.281435
80.0,488,2099.709053
140.0,588,2104.960057
60.0,423,2108.742941
120.0,630,2114.754548
80.0,507,2119.56573
0.0,345,2122.857794
60.0,446,2126.945311
40.0,506,2131.892894
80.0,411,2135.876404
60.0,380,2139.434845
60.0,455,2143.892753
20.0,379,2147.427056
80.0,550,2153.128961
80.0,556,2158.648374
60.0,469,2163.085167
200.0,1031,2173.14093
60.0,424,2176.985122
80.0,492,2181.420706
140.0,580,2186.671194
20.0,339,2189.842183
80.0,481,2194.473745
220.0,709,2201.673432
100.0,564,2207.027758
100.0,514,2211.934234
40.0,401,2215.549179
100.0,601,2221.265628
100.0,567,2227.037581
140.0,711,2234.552498
40.0,412,2238.772072
80.0,490,2243.788868
140.0,513,2249.924923
140.0,590,2255.991891
60.0,481,2260.671207
60.0,474,2265.351145
100.0,477,2270.368701
40.0,445,2274.727376
100.0,691,2281.921301
20.0,521,2287.081158
0.0,320,2290.05738
140.0,659,2296.460037
60.0,508,2301.281414
40.0,453,2305.489921
100.0,483,2309.849991
80.0,440,2314.04799
80.0,401,2317.890567
180.0,708,2325.032581
100.0,502,2330.110423
60.0,595,2335.692704
220.0,901,2344.559624
160.0,541,2349.589425
60.0,404,2353.306984
120.0,601,2358.901452
280.0,993,2368.529426
180.0,646,2374.657428
80.0,482,2379.279771
120.0,590,2384.931312
140.0,826,2393.048888
200.0,823,2401.709863
60.0,359,2405.0939
60.0,398,2408.954303
100.0,505,2414.855322
200.0,742,2421.958445
140.0,738,2429.300956
20.0,386,2432.980688
280.0,932,2441.89643
40.0,471,2446.331648
100.0,765,2454.798541
80.0,437,2459.291092
40.0,397,2463.015532
60.0,475,2467.756719
100.0,662,2475.00222
0.0,387,2478.848047
60.0,440,2483.83718
100.0,613,2490.833616
100.0,488,2495.688686
100.0,685,2502.30802
80.0,551,2507.381642
220.0,783,2514.562662
140.0,693,2520.924079
220.0,1018,2530.362432
20.0,389,2534.019195
120.0,710,2540.534274
120.0,792,2547.790808
120.0,794,2555.128629
120.0,738,2561.904473
100.0,460,2566.074304
40.0,411,2569.785869
60.0,523,2574.526425
80.0,441,2578.528368
180.0,705,2585.054279
140.0,666,2591.195848
0.0,336,2594.226709
140.0,528,2599.050236
80.0,432,2603.020811
160.0,731,2609.760001
180.0,747,2616.730321
260.0,1508,2630.720432
160.0,666,2636.813364
120.0,509,2641.397756
60.0,525,2646.235504
40.0,438,2650.180821
100.0,523,2654.919221
60.0,412,2658.694677
220.0,974,2667.615304
220.0,787,2674.83221
80.0,445,2678.893305
100.0,516,2683.564961
0.0,330,2686.556878
20.0,384,2690.00153
40.0,404,2693.667761
180.0,752,2700.591692
60.0,524,2705.341861
20.0,358,2708.552193
140.0,878,2716.599058
60.0,482,2720.953763
60.0,422,2724.766969
140.0,583,2730.073495
80.0,619,2735.725991
140.0,610,2741.259401
40.0,394,2744.785615
80.0,494,2749.28039
80.0,467,2753.537142
60.0,533,2758.396038
20.0,490,2762.846265
100.0,443,2766.860198
120.0,667,2773.021078
20.0,406,2776.733941
80.0,468,2781.031119
40.0,419,2784.868861
40.0,429,2788.829725
340.0,1212,2800.074784
120.0,563,2805.340612
40.0,446,2809.491807
60.0,538,2814.482468
60.0,477,2818.878199
180.0,670,2825.071721
60.0,420,2828.877236
20.0,330,2831.878326
0.0,309,2834.658186
120.0,542,2839.586042
140.0,548,2844.56892
100.0,467,2848.795162
180.0,618,2854.450767
160.0,816,2861.938809
100.0,629,2867.70813
140.0,706,2874.181948
60.0,487,2878.658599
20.0,334,2881.699918
120.0,484,2886.28862
0.0,303,2889.218537
60.0,491,2894.036948
80.0,469,2898.392118
40.0,373,2901.790957
40.0,543,2906.75185
100.0,486,2911.139727
100.0,715,2917.689387
20.0,354,2920.887082
80.0,547,2925.844495
60.0,446,2929.880137
180.0,702,2936.302204
0.0,424,2940.103032
20.0,368,2943.404681
0.0,330,2946.372778
100.0,620,2952.071948
120.0,731,2958.75088
180.0,751,2965.623039
60.0,488,2970.033026
20.0,330,2973.010602
80.0,577,2978.285275
80.0,579,2983.571562
200.0,850,2991.452785
60.0,443,2995.432508
80.0,475,2999.744519
20.0,499,3004.240342
40.0,439,3008.173599
60.0,577,3013.409261
80.0,574,3018.60825
100.0,670,3024.683255
60.0,385,3028.151901
140.0,743,3034.860285
120.0,604,3040.465866
160.0,547,3045.392685
260.0,893,3053.576412
120.0,595,3058.972348
80.0,552,3063.967642
100.0,642,3069.945096
40.0,407,3073.733423
140.0,743,3080.9543
20.0,363,3084.911892
100.0,590,3090.545707
80.0,544,3095.86114
100.0,567,3101.418453
200.0,1134,3112.061455
140.0,672,3118.463377
60.0,477,3123.028765
80.0,409,3127.146421
60.0,552,3132.446342
160.0,681,3138.828491
40.0,484,3143.231051
20.0,371,3146.658125
100.0,512,3151.350143
160.0,609,3156.969693
20.0,370,3160.385586
40.0,418,3164.201196
120.0,642,3170.116414
200.0,766,3177.212698
40.0,471,3181.77709
120.0,662,3189.252655
100.0,550,3194.51267
40.0,384,3198.226979
320.0,1041,3208.735642
120.0,823,3218.321097
60.0,366,3221.733082
60.0,525,3226.881011
260.0,1023,3236.801036
20.0,414,3240.869898
300.0,1265,3253.446487
100.0,565,3259.054451
160.0,648,3265.76843
180.0,697,3272.628798
20.0,345,3275.966036
100.0,528,3280.965961
200.0,847,3289.568311
40.0,406,3293.840788
80.0,464,3298.302173
20.0,347,3301.519702
80.0,517,3306.562953
100.0,477,3311.175981
120.0,578,3316.696037
180.0,642,3322.97147
20.0,396,3326.717239
260.0,1097,3337.170495
160.0,661,3343.815397
240.0,845,3353.077913
100.0,494,3357.777
40.0,425,3362.023617
100.0,489,3366.970632
120.0,716,3375.679989
80.0,538,3381.049391
100.0,445,3386.23862
120.0,628,3393.775387
0.0,382,3397.960495
200.0,753,3405.046667
40.0,469,3409.297087
60.0,376,3412.646233
120.0,568,3418.153118
0.0,347,3421.261314
60.0,473,3425.592026
340.0,1198,3437.504421
100.0,650,3443.552413
140.0,673,3449.697841
140.0,805,3457.02083
0.0,309,3459.789774
140.0,787,3467.027403
160.0,747,3473.892847
200.0,921,3482.586629
120.0,667,3489.018066
80.0,483,3493.341068
100.0,572,3498.727675
80.0,406,3503.241301
80.0,470,3507.915751
60.0,498,3512.804678
160.0,609,3518.593041
160.0,727,3525.595148
320.0,1069,3536.501009
180.0,747,3544.028295
140.0,628,3549.682393
20.0,384,3553.198287
240.0,748,3560.313578
100.0,605,3566.54596
160.0,636,3572.97191
40.0,548,3578.32239
80.0,393,3582.309444
60.0,462,3587.412999
200.0,748,3594.431918
80.0,521,3599.1
20.0,409,3602.757468
140.0,678,3608.909805
80.0,721,3615.410629
100.0,679,3621.802421
100.0,689,3628.066638
140.0,1040,3637.518804
140.0,595,3642.830389
260.0,790,3649.966104
40.0,470,3654.134571
200.0,725,3660.720154
200.0,802,3667.967895
100.0,506,3672.485391
60.0,608,3677.947931
140.0,581,3683.137379
180.0,786,3690.262339
100.0,591,3695.584745
200.0,978,3705.257261
80.0,534,3710.237437
220.0,1057,3721.08937
240.0,830,3729.532272
180.0,877,3737.784276
60.0,397,3741.668579
20.0,355,3745.556035
160.0,857,3754.281857
60.0,616,3760.181957
60.0,467,3765.081612
40.0,391,3768.664362
120.0,615,3775.244974
60.0,463,3779.890002
20.0,398,3784.819631
80.0,499,3790.084675
20.0,436,3794.172084
140.0,629,3799.909996
120.0,512,3804.609173
80.0,442,3808.595567
80.0,494,3813.016314
60.0,463,3817.283702
240.0,778,3824.392031
60.0,626,3831.057375
140.0,702,3838.050616
140.0,803,3845.476473
80.0,562,3850.650805
180.0,727,3857.564917
200.0,616,3863.342223
160.0,863,3871.40159
60.0,420,3875.234475
320.0,967,3884.385983
40.0,356,3887.531107
20.0,512,3892.157741
80.0,694,3898.485225
60.0,441,3902.639854
80.0,544,3907.534443
260.0,707,3914.019665
100.0,495,3918.554459
180.0,863,3926.48651
160.0,616,3932.064781
100.0,457,3936.414696
60.0,525,3941.543385
160.0,559,3946.903619
140.0,644,3952.94361
120.0,630,3959.003844
80.0,465,3963.332403
120.0,604,3968.980195
240.0,1130,3979.444906
60.0,646,3985.276537
60.0,683,3991.403998
80.0,459,3995.503768
120.0,579,4000.699376
200.0,926,4009.143032
100.0,672,4015.523764
80.0,422,4019.29424
140.0,625,4024.975018
80.0,865,4032.815844
60.0,483,4037.151708
40.0,443,4041.149073
100.0,564,4046.429822
100.0,681,4052.62115
140.0,784,4059.670321
80.0,472,4064.469584
100.0,504,4069.639991
160.0,879,4077.920339
40.0,441,4082.087512
60.0,417,4085.695832
120.0,569,4090.574843
400.0,1231,4104.182492
60.0,402,4108.694082
140.0,600,4115.529079
200.0,940,4126.493592
80.0,529,4132.480468
100.0,833,4142.047907
0.0,320,4145.512626
140.0,638,4151.727876
80.0,530,4156.355886
120.0,774,4163.036094
60.0,570,4167.855713
180.0,663,4173.533019
160.0,717,4179.587138
180.0,672,4185.280067
140.0,536,4189.845831
300.0,1014,4198.453244
20.0,690,4204.231229
220.0,1007,4212.792772
40.0,501,4217.020175
160.0,627,4222.303074
20.0,372,4225.404984
80.0,494,4229.569155
80.0,536,4234.250587
100.0,579,4239.194958
60.0,685,4245.195626
20.0,419,4248.9053
80.0,550,4253.501719
40.0,326,4256.239704
40.0,367,4259.332729
120.0,487,4263.528177
60.0,492,4267.824509
100.0,495,4271.967104
320.0,983,4280.374344
60.0,491,4284.532134
240.0,841,4292.129882
100.0,580,4297.728876
160.0,624,4303.456578
100.0,519,4308.155018
100.0,492,4312.599092
120.0,638,4318.607045
60.0,373,4322.165497
80.0,470,4326.723352
120.0,603,4332.433053
200.0,896,4341.019921
40.0,456,4345.298475
80.0,431,4349.454356
240.0,887,4357.882806
120.0,639,4363.945586
220.0,761,4371.151334
100.0,455,4375.672212
80.0,521,4381.456737
140.0,563,4387.20737
60.0,451,4392.202013
360.0,1095,4403.200229
120.0,685,4409.29138
180.0,726,4415.689509
180.0,579,4420.637166
260.0,1037,4429.679684
180.0,1000,4439.602921
160.0,719,4446.340866
220.0,955,4455.089487
140.0,735,4462.08275
120.0,539,4467.102321
80.0,640,4473.166097
200.0,722,4479.893112
60.0,528,4484.870808
100.0,554,4490.021029
320.0,1202,4501.054484
60.0,507,4505.64822
80.0,583,4510.949038
40.0,492,4515.43703
100.0,693,4521.995457
160.0,614,4527.563586
80.0,559,4532.640004
20.0,484,4537.095086
80.0,444,4541.33472
100.0,453,4545.924437
60.0,657,4551.886486
160.0,658,4557.857549
100.0,627,4563.577208
100.0,644,4569.394644
40.0,617,4574.983724
100.0,528,4579.789832
60.0,657,4585.77083
200.0,849,4593.479207
80.0,688,4599.73749
200.0,873,4607.699188
180.0,643,4613.591398
300.0,1019,4622.938391
240.0,870,4631.352904
120.0,452,4635.446951
80.0,477,4639.783371
180.0,847,4647.448863
100.0,619,4653.056811
80.0,470,4657.330377
80.0,503,4661.882225
220.0,917,4670.903347
240.0,1234,4682.87034
100.0,482,4687.6323
40.0,390,4691.276554
180.0,691,4697.73527
80.0,485,4702.252185
120.0,620,4707.910048
120.0,495,4712.425008
120.0,618,4718.168602
120.0,592,4723.50136
80.0,659,4729.4195
40.0,455,4733.48263
40.0,399,4737.040139
100.0,442,4740.989564
80.0,425,4744.783395
20.0,428,4748.629106
180.0,853,4756.313574
80.0,528,4761.035914
60.0,711,4767.427811
100.0,525,4772.164198
200.0,771,4779.105568
120.0,819,4786.494799
140.0,656,4792.366118
100.0,460,4796.486102
160.0,782,4803.515296
20.0,338,4806.516233
120.0,719,4813.000909
200.0,923,4821.34855
180.0,894,4829.388067
120.0,537,4834.19119
120.0,563,4839.234696
40.0,439,4843.145268
100.0,519,4847.785844
40.0,509,4852.330659
220.0,949,4860.875823
220.0,839,4868.466515
140.0,622,4874.266006
120.0,919,4883.02055
60.0,446,4887.122576
100.0,720,4893.89947
100.0,595,4899.52841
140.0,671,4905.715856
140.0,816,4913.22873
100.0,446,4917.331752
60.0,378,4920.753597
120.0,784,4928.080994
120.0,641,4933.959293
160.0,727,4940.561652
0.0,420,4944.330518
80.0,468,4948.662927
40.0,421,4952.646271
80.0,612,4958.335076
120.0,784,4965.570718
160.0,805,4973.503277
60.0,740,4980.427714
20.0,362,4983.818642
80.0,854,4992.216471
80.0,644,4998.711097
80.0,614,5004.465699
120.0,600,5010.503748
80.0,584,5015.971119
120.0,482,5020.307521
220.0,782,5027.393533
20.0,414,5031.086653
440.0,1372,5043.70094
200.0,1024,5053.450867
120.0,460,5058.041536
120.0,718,5064.674818
160.0,732,5071.362895
100.0,541,5076.364539
300.0,1129,5086.749729
380.0,1156,5097.236697
120.0,703,5103.911813
200.0,732,5110.813377
140.0,876,5119.26579
120.0,610,5125.606768
80.0,426,5129.616042
240.0,969,5138.688769
220.0,1209,5150.253663
260.0,877,5158.347659
100.0,554,5163.406104
160.0,639,5169.205611
180.0,727,5176.140031
0.0,588,5181.885688
180.0,696,5188.469044
220.0,858,5196.229283
40.0,391,5199.721964
240.0,950,5208.517433
160.0,591,5213.951867
60.0,442,5218.122735
160.0,631,5224.178506
60.0,459,5228.440104
100.0,535,5233.397866
160.0,599,5239.081634
220.0,752,5245.875484
160.0,805,5253.169967
120.0,517,5257.80756
120.0,773,5264.78387
100.0,503,5269.256902
160.0,534,5274.045118
120.0,562,5279.067654
140.0,514,5283.710233
280.0,971,5292.509724
80.0,580,5297.73374
120.0,541,5302.645599
140.0,555,5307.670156
100.0,602,5313.153459
100.0,684,5319.369828
60.0,645,5325.208207
300.0,1138,5335.837823
60.0,720,5342.564826
140.0,1109,5353.344984
220.0,849,5361.354555
180.0,735,5368.8874
120.0,655,5375.051908
60.0,536,5380.102396
240.0,823,5387.871622
100.0,435,5391.834008
60.0,460,5396.387825
120.0,669,5403.073936
80.0,450,5407.244778
160.0,564,5412.561553
140.0,694,5419.242678
40.0,416,5423.115317
120.0,708,5429.955018
120.0,515,5434.885826
200.0,633,5440.854856
140.0,546,5445.769707
80.0,467,5449.978446
120.0,736,5456.685502
140.0,799,5463.920146
100.0,584,5469.173092
300.0,1447,5483.034009
180.0,768,5490.395313
220.0,927,5499.282536
80.0,614,5505.042127
240.0,928,5514.185696
160.0,550,5519.359821
60.0,607,5525.277987
220.0,738,5532.472737
60.0,655,5538.693096
160.0,613,5544.251225
100.0,519,5548.9327
220.0,720,5555.473201
220.0,970,5564.265677
40.0,410,5567.956802
140.0,582,5573.241663
40.0,497,5577.958044
180.0,671,5584.305064
300.0,1149,5595.301642
160.0,858,5603.700173
120.0,680,5610.11202
40.0,430,5614.108326
140.0,672,5620.576029
140.0,573,5625.996521
300.0,1012,5635.412329
80.0,733,5641.964798
300.0,1082,5651.909192
140.0,649,5657.848303
120.0,658,5663.767466
140.0,775,5670.710889
100.0,495,5675.22581
140.0,826,5682.630001
100.0,666,5688.588658
140.0,697,5694.897778
140.0,605,5700.417012
180.0,823,5707.846135
300.0,1256,5719.832068
240.0,937,5728.574678
120.0,591,5734.102887
220.0,906,5742.409663
80.0,514,5747.070194
20.0,512,5751.666895
100.0,662,5757.658864
180.0,861,5765.523822
140.0,646,5771.427029
100.0,421,5775.244814
60.0,439,5779.241122
60.0,424,5783.078855
0.0,454,5787.197455
80.0,615,5792.800464
160.0,647,5798.894161
140.0,820,5806.97554
180.0,954,5816.182906
80.0,584,5821.857723
260.0,779,5829.492298
140.0,660,5836.181401
100.0,517,5840.952635
40.0,395,5844.702603
140.0,655,5851.347888
100.0,578,5857.18527
0.0,388,5860.805584
40.0,596,5866.203169
160.0,902,5874.463072
180.0,921,5882.983249
200.0,809,5890.363504
140.0,696,5896.637718
0.0,515,5901.266334
80.0,650,5907.214446
60.0,493,5911.68349
140.0,806,5918.963984
140.0,679,5925.100567
140.0,600,5930.488153
160.0,790,5937.654978
80.0,492,5942.298555
80.0,580,5947.91453
60.0,442,5952.193082
80.0,713,5958.760538
80.0,508,5963.510829
120.0,722,5970.683615
60.0,540,5976.551911
100.0,533,5981.347082
240.0,925,5989.77254
80.0,486,5994.174762
80.0,650,5999.986214
80.0,714,6006.543717
140.0,677,6012.691224
80.0,504,6017.439519
160.0,585,6022.796187
340.0,1302,6034.774141
120.0,485,6039.160433
80.0,717,6045.609153
60.0,657,6051.546268
260.0,1055,6061.043858
240.0,1012,6070.324057
240.0,867,6078.292709
80.0,436,6082.216239
120.0,443,6086.300285
140.0,639,6092.109744
260.0,803,6099.423176
280.0,1092,6109.516175
200.0,595,6115.055381
60.0,613,6120.773056
80.0,509,6125.489437
180.0,731,6132.280269
100.0,763,6139.248626
200.0,776,6146.272834
140.0,814,6153.760799
180.0,941,6162.34982
80.0,530,6167.064208
140.0,635,6172.873664
240.0,953,6181.475696
80.0,726,6188.000193
140.0,929,6196.514414
120.0,642,6202.435573
300.0,1086,6212.48369
160.0,871,6220.538141
300.0,989,6230.122548
220.0,997,6239.169294
140.0,541,6244.146976
120.0,686,6250.539874
20.0,579,6255.894546
80.0,598,6261.364911
140.0,702,6267.971235
180.0,740,6275.615783
100.0,895,6283.933557
60.0,721,6290.953748
80.0,521,6295.773852
120.0,703,6302.196669
40.0,529,6307.091571
160.0,553,6312.154028
100.0,608,6317.616413
60.0,524,6322.460473
80.0,709,6328.878282
80.0,521,6333.545795
80.0,528,6338.270155
80.0,493,6342.65642
120.0,822,6349.998775
260.0,992,6358.831145
160.0,679,6364.909882
180.0,646,6371.319775
80.0,514,6376.498461
100.0,507,6381.388083
160.0,779,6388.596646
120.0,736,6395.500236
120.0,606,6401.226197
120.0,569,6406.580681
180.0,837,6414.502083
100.0,494,6419.131674
320.0,1102,6429.657944
100.0,535,6434.591301
160.0,778,6441.478583
60.0,446,6445.27763
120.0,462,6449.401941
120.0,625,6455.039056
160.0,729,6461.453847
40.0,513,6465.900965
240.0,938,6474.042125
140.0,906,6481.900638
200.0,793,6488.834217
60.0,406,6492.330839
120.0,741,6498.757268
60.0,508,6503.130342
140.0,761,6509.713243
120.0,929,6517.849843
180.0,849,6525.758953
100.0,805,6533.127988
80.0,768,6539.944497
140.0,625,6545.316054
140.0,1112,6554.921363
120.0,687,6560.849438
0.0,321,6563.594158
0.0,390,6566.891967
60.0,731,6573.215244
60.0,626,6578.616704
200.0,696,6584.660952
40.0,452,6588.528336
140.0,993,6597.087241
60.0,391,6600.443336
100.0,843,6607.735088
60.0,413,6611.302004
120.0,942,6619.517687
120.0,695,6625.559815
120.0,728,6631.853491
140.0,734,6638.206547
140.0,645,6643.762453
100.0,648,6649.347767
120.0,786,6656.156018
20.0,622,6661.556398
160.0,961,6669.876033
120.0,637,6675.424053
140.0,647,6681.031158
120.0,607,6686.278388
80.0,575,6691.225277
60.0,712,6697.369848
140.0,659,6703.090767
80.0,587,6708.151719
160.0,744,6714.578209
140.0,711,6720.91714
220.0,901,6728.66692
100.0,567,6733.524363
140.0,753,6740.000575
60.0,513,6744.403582
40.0,463,6748.352712
260.0,828,6755.533028
60.0,582,6760.521701
140.0,676,6766.35023
80.0,644,6771.908303
180.0,908,6779.807403
180.0,1005,6788.473289
60.0,749,6795.042023
160.0,703,6801.069486
120.0,751,6807.603163
80.0,524,6812.097277
140.0,707,6818.164115
200.0,975,6826.592329
80.0,570,6831.634025
140.0,683,6837.990045
140.0,713,6844.242544
100.0,761,6850.89532
140.0,671,6856.755048
160.0,670,6862.577279
160.0,928,6870.715137
140.0,694,6876.729559
100.0,657,6882.488617
160.0,842,6889.815071
240.0,1102,6899.51064
60.0,465,6903.558185
180.0,553,6908.353448
280.0,1349,6920.221124
80.0,526,6924.809949
60.0,613,6930.120495
100.0,922,6938.298997
80.0,488,6942.509967
80.0,703,6948.624375
140.0,705,6954.773753
260.0,884,6962.523148
80.0,873,6970.12786
200.0,819,6977.240936
80.0,537,6981.990358
60.0,595,6987.145898
280.0,1197,6997.687476
80.0,721,7003.968162
100.0,491,7008.226069
100.0,501,7012.535485
60.0,434,7016.280293
140.0,711,7022.5691
60.0,457,7026.501352
80.0,490,7030.731421
40.0,482,7034.908638
60.0,464,7038.886601
100.0,472,7043.034466
60.0,484,7047.223327
120.0,520,7051.718828
120.0,745,7058.499784
120.0,620,7063.863952
120.0,544,7068.562
260.0,1174,7078.843428
60.0,588,7083.945069
100.0,484,7088.077577
120.0,804,7095.003458
160.0,763,7101.600901
160.0,1117,7111.279073
40.0,480,7115.410289
160.0,941,7123.6034
60.0,551,7128.352824
100.0,612,7133.634286
100.0,982,7142.159258
40.0,515,7146.595354
120.0,734,7152.996933
160.0,550,7157.861682
40.0,676,7163.761687
40.0,401,7167.169657
60.0,463,7171.134319
220.0,951,7179.475385
160.0,673,7185.273869
200.0,900,7193.083
180.0,698,7199.094703
100.0,518,7203.551694
140.0,593,7208.687514
160.0,938,7216.781667
120.0,746,7223.32907
200.0,844,7230.657538
180.0,691,7236.628583
240.0,1156,7246.653501
160.0,721,7252.906217
300.0,990,7261.553792
240.0,854,7269.179975
160.0,809,7276.744961
140.0,569,7282.013858
340.0,1035,7291.690736
140.0,637,7297.320211
140.0,623,7303.213996
40.0,415,7307.172929
200.0,857,7315.280239
140.0,740,7321.906537
60.0,666,7327.817697
100.0,548,7332.757339
200.0,1092,7342.344202
120.0,850,7350.20786
120.0,495,7354.71523
40.0,654,7360.63185
40.0,672,7366.713908
120.0,669,7372.910067
80.0,487,7377.388087
100.0,573,7382.515369
100.0,547,7387.435237
160.0,817,7395.061802
160.0,763,7402.568718
280.0,1165,7413.672011
80.0,568,7418.756408
160.0,754,7425.594121
180.0,1131,7435.834717
60.0,544,7440.829353
80.0,496,7445.617543
120.0,624,7452.015453
180.0,678,7458.509052
40.0,428,7462.345814
160.0,776,7469.450779
120.0,529,7474.965027
40.0,473,7480.240916
200.0,1029,7489.90407
40.0,451,7494.06196
200.0,964,7503.308195
60.0,540,7508.340731
280.0,879,7516.69448
40.0,378,7520.161241
20.0,478,7524.561436
80.0,474,7528.886861
60.0,558,7534.037081
80.0,984,7543.271412
160.0,729,7550.336511
160.0,1360,7563.192078
100.0,598,7568.596619
140.0,928,7577.239496
80.0,700,7583.820888
20.0,393,7587.381381
80.0,534,7592.175536
140.0,853,7599.889923
80.0,697,7606.219995
40.0,676,7612.327646
40.0,698,7618.884078
140.0,811,7626.578493
100.0,497,7631.301855
120.0,609,7636.992656
120.0,1023,7647.117542
40.0,545,7652.208954
40.0,468,7656.433617
120.0,721,7662.990112
140.0,871,7670.892931
80.0,528,7675.641254
20.0,587,7680.95502
60.0,535,7685.774118
60.0,677,7691.893745
120.0,1031,7701.250775
100.0,538,7706.04794
100.0,613,7711.665937
60.0,467,7715.882602
240.0,948,7724.557419
60.0,582,7729.870205
140.0,963,7738.632735
40.0,571,7743.801907
100.0,711,7750.253644
100.0,621,7755.913502
180.0,597,7761.354969
120.0,587,7766.673713
180.0,717,7773.236156
120.0,732,7779.908304
100.0,729,7786.543579
60.0,516,7791.206078
200.0,983,7800.196052
180.0,743,7807.097072
140.0,675,7813.525898
100.0,463,7817.85731
160.0,819,7825.653425
100.0,807,7832.973867
60.0,516,7837.635394
180.0,879,7845.612027
200.0,638,7851.357655
100.0,687,7857.798423
180.0,1057,7867.840556
240.0,925,7876.487448
260.0,882,7884.668563
80.0,695,7891.279872
80.0,661,7897.422437
60.0,532,7902.326328
80.0,662,7908.455893
60.0,484,7913.627043
220.0,923,7922.754624
120.0,554,7928.053448
100.0,552,7933.44407
100.0,966,7942.674825
100.0,736,7950.518839
20.0,447,7954.674721
120.0,704,7961.35784
180.0,1074,7971.404975
140.0,526,7976.314835
60.0,687,7982.869261
160.0,743,7989.912444
100.0,873,7997.93897
140.0,728,8004.579205
100.0,763,8013.671112
60.0,460,8017.945676
280.0,859,8026.120984
160.0,752,8033.994917
160.0,651,8040.169397
100.0,905,8048.643725
140.0,533,8053.734134
100.0,643,8059.930562
140.0,744,8066.88193
100.0,560,8072.019212
120.0,1050,8081.686322
140.0,737,8088.450262
80.0,563,8093.843795
160.0,920,8102.49869
160.0,957,8112.006229
60.0,596,8118.100514
160.0,885,8126.933944
120.0,667,8133.087984
80.0,674,8139.22503
120.0,890,8147.731359
200.0,818,8155.090645
100.0,638,8161.048737
120.0,602,8166.545883
180.0,999,8175.958653
100.0,711,8182.417053
100.0,862,8189.803298
140.0,1074,8198.863649
60.0,414,8202.31936
120.0,619,8207.485385
120.0,561,8212.197565
140.0,673,8217.857821
40.0,544,8222.400824
100.0,935,8230.305422
200.0,1234,8240.769245
20.0,789,8247.402231
140.0,877,8254.805643
140.0,556,8259.46409
100.0,869,8266.815124
60.0,374,8269.939402
100.0,585,8274.852756
160.0,1031,8283.544556
100.0,717,8289.579772
140.0,549,8294.156685
100.0,820,8301.089571
140.0,812,8307.991729
140.0,541,8312.603864
20.0,873,8319.975708
60.0,575,8324.824772
60.0,479,8328.867311
140.0,739,8335.115146
300.0,1286,8346.044192
60.0,607,8351.135846
220.0,995,8359.579724
140.0,944,8367.631956
80.0,545,8372.213284
120.0,614,8377.420156
80.0,470,8381.368502
160.0,722,8387.499562
220.0,897,8395.104468
60.0,511,8399.400021
80.0,555,8404.097497
80.0,730,8410.261453
100.0,547,8414.87369
40.0,747,8421.174492
300.0,1422,8433.27599
100.0,816,8440.193632
100.0,660,8445.755413
140.0,903,8453.406263
120.0,524,8457.839514
60.0,615,8463.030601
100.0,525,8467.442512
60.0,525,8472.113863
40.0,753,8479.115432
200.0,695,8485.491577
20.0,826,8492.989161
100.0,550,8498.155492
100.0,513,8502.853669
60.0,488,8507.318084
120.0,739,8514.209408
120.0,543,8519.174747
220.0,676,8525.440307
80.0,512,8530.346682
60.0,544,8535.355788
100.0,704,8541.611335
100.0,594,8547.158758
100.0,561,8552.439417
120.0,773,8559.975554
140.0,922,8568.412319
160.0,1170,8578.525615
120.0,663,8584.173193
120.0,761,8591.472468
160.0,1000,8601.049983
200.0,952,8609.417401
100.0,928,8618.316524
80.0,551,8623.941821
100.0,770,8631.384936
60.0,533,8637.256804
60.0,706,8645.172957
100.0,635,8651.29054
140.0,636,8657.275146
120.0,1130,8668.404932
60.0,585,8673.984734
80.0,489,8678.634944
100.0,616,8684.378978
80.0,665,8690.493448
120.0,820,8698.727478
160.0,819,8706.877725
40.0,479,8711.34532
80.0,789,8719.03513
100.0,646,8725.235323
200.0,828,8733.230434
40.0,735,8740.172862
60.0,475,8744.872436
100.0,560,8750.131372
160.0,830,8758.297061
100.0,866,8766.541714
20.0,642,8772.756462
120.0,654,8778.889063
80.0,648,8785.073506
60.0,662,8791.312295
60.0,651,8797.535257
60.0,659,8803.548473
80.0,548,8808.535149
40.0,746,8815.352863
120.0,564,8820.49771
80.0,724,8827.172894
80.0,653,8833.111784
100.0,525,8837.889874
140.0,539,8842.819587
200.0,674,8848.957457
60.0,924,8857.456148
140.0,668,8863.591136
100.0,580,8868.869991
280.0,1135,8879.299578
80.0,607,8884.843044
100.0,755,8891.756025
120.0,662,8897.85451
160.0,681,8904.069024
100.0,534,8908.942492
60.0,1043,8918.566073
120.0,924,8927.070242
100.0,531,8931.933361
120.0,781,8939.107045
100.0,522,8943.88308
100.0,579,8949.183298
100.0,897,8957.462269
100.0,745,8964.345247
140.0,715,8970.945789
60.0,427,8974.845521
220.0,833,8982.519666
60.0,762,8989.632171
60.0,540,8994.752697
200.0,791,9002.555669
100.0,1049,9012.580712
100.0,554,9017.843261
80.0,519,9022.946893
160.0,657,9029.732686
140.0,737,9036.642482
80.0,810,9044.180027
80.0,723,9051.123148
180.0,944,9060.359057
140.0,1008,9069.874906
120.0,793,9077.13898
140.0,929,9085.676322
120.0,1366,9098.1608
100.0,782,9105.308881
60.0,564,9110.658597
60.0,642,9116.578526
60.0,950,9125.314322
160.0,1037,9134.848182
80.0,628,9140.593692
100.0,811,9147.991561
60.0,594,9153.529799
120.0,1293,9165.891826
160.0,745,9172.930553
120.0,628,9179.57878
140.0,841,9187.873986
100.0,550,9193.143951
80.0,800,9200.833998
100.0,546,9206.176252
120.0,541,9211.282776
100.0,509,9216.100536
120.0,614,9221.974326
80.0,1089,9232.426193
60.0,714,9239.058705
40.0,713,9245.91497
60.0,571,9251.209649
80.0,665,9257.574952
60.0,781,9264.954001
80.0,829,9272.69473
100.0,941,9281.568471
80.0,850,9289.749982
140.0,795,9297.945349
120.0,584,9303.673808
100.0,696,9310.130966
100.0,653,9316.30543
100.0,707,9322.960233
80.0,549,9328.233995
100.0,592,9333.904052
140.0,696,9340.626948
100.0,626,9346.625593
80.0,664,9352.794154
100.0,713,9359.735835
80.0,809,9367.782603
60.0,703,9374.57189
80.0,399,9378.387551
80.0,732,9385.607845
140.0,808,9393.458801
100.0,941,9402.322521
140.0,668,9408.514711
100.0,572,9414.103044
160.0,857,9422.933693
100.0,584,9428.828571
80.0,558,9434.307065
120.0,551,9439.699331
120.0,852,9447.52698
140.0,504,9452.190889
60.0,602,9457.760385
40.0,767,9464.813008
120.0,526,9469.646669
80.0,554,9474.774804
120.0,779,9482.074167
60.0,700,9488.491619
80.0,841,9496.219109
100.0,470,9500.498862
100.0,702,9506.946881
80.0,435,9510.89133
140.0,631,9516.786533
100.0,959,9526.41783
40.0,678,9532.723079
80.0,572,9538.13012
120.0,534,9543.32684
160.0,954,9552.267387
80.0,429,9556.153764
100.0,578,9561.467141
140.0,607,9567.108006
120.0,840,9574.993887
140.0,874,9583.180291
60.0,832,9591.081869
120.0,819,9598.64589
100.0,903,9607.375179
80.0,574,9612.780236
180.0,825,9620.752634
180.0,836,9628.827128
80.0,689,9635.25989
40.0,547,9640.622391
80.0,521,9645.611186
60.0,541,9650.77536
100.0,740,9657.999147
60.0,905,9666.735071
80.0,572,9672.246727
120.0,806,9679.742362
60.0,693,9686.37571
60.0,878,9694.882601
60.0,642,9701.075084
100.0,1124,9712.170103
80.0,452,9716.478637
80.0,664,9722.845444
120.0,759,9730.321788
100.0,568,9736.249423
140.0,590,9741.898972
80.0,672,9748.375956
120.0,538,9753.78863
100.0,549,9759.265957
100.0,867,9767.51727
60.0,502,9772.359169
140.0,626,9778.375398
80.0,473,9783.159974
80.0,512,9788.017263
80.0,485,9792.582234
120.0,677,9798.998806
80.0,761,9806.32776
40.0,569,9811.879439
80.0,621,9818.137667
100.0,489,9823.60739
120.0,495,9828.247538
60.0,774,9835.545398
80.0,516,9840.348632
100.0,1056,9851.214931
80.0,745,9858.01777
100.0,637,9863.727826
100.0,738,9870.600838
60.0,624,9876.311352
60.0,889,9884.348721
20.0,571,9889.499961
20.0,856,9897.248744
80.0,558,9902.295147
80.0,654,9908.232603
120.0,636,9913.995368
80.0,652,9919.848866
60.0,487,9924.248291
60.0,581,9929.554395
60.0,760,9936.532707
60.0,505,9941.153972
160.0,645,9947.440412
160.0,802,9955.621129
160.0,702,9962.193522
80.0,1092,9972.354602
100.0,844,9980.51998
80.0,824,9988.444936
100.0,582,9993.921682
40.0,605,10000.071397
20.0,819,10008.392569
80.0,586,10014.827434
180.0,858,10023.548129
60.0,803,10031.444019
40.0,651,10037.829688
100.0,604,10043.898314
100.0,677,10051.912626
140.0,1234,10065.954121
80.0,1066,10077.411639
80.0,617,10084.702213
40.0,553,10090.239554
100.0,669,10096.697216
100.0,528,10101.829514
120.0,501,10106.87998
100.0,581,10112.672083
100.0,693,10119.343663
80.0,750,10126.586708
20.0,499,10131.238812
60.0,405,10135.22647
60.0,604,10141.380024
0.0,954,10151.347716
160.0,782,10158.88326
120.0,794,10167.010217
60.0,738,10174.679091
40.0,524,10179.898482
100.0,463,10184.734061
160.0,633,10190.760779
60.0,415,10194.627508
120.0,655,10201.127679
140.0,664,10207.811201
80.0,661,10214.736003
140.0,557,10220.414828
100.0,672,10226.821892
100.0,803,10235.474023
60.0,698,10242.291307
120.0,595,10247.70413
80.0,552,10252.760939
140.0,567,10257.923747
80.0,485,10262.314304
80.0,448,10266.329376
60.0,616,10271.847071
160.0,885,10279.829766
80.0,645,10285.632673
60.0,592,10291.004731
140.0,549,10295.924781
140.0,573,10301.235856
100.0,1242,10313.125064
140.0,569,10318.447998
140.0,501,10322.984807
100.0,514,10328.034777
60.0,707,10334.754399
60.0,584,10340.281236
140.0,958,10349.077225
60.0,990,10358.594731
160.0,1063,10369.842022
80.0,544,10374.95216
120.0,649,10381.408265
80.0,634,10387.524971
40.0,726,10394.862087
80.0,655,10401.141073
120.0,959,10410.431925
