# {"env_id": "SeaquestNoFrameskip-v4", "t_start": 1554369279.9851334} 
r,l,t
140.0,598,6.605956
40.0,453,8.154625
100.0,591,10.224232
40.0,508,11.990121
80.0,668,14.313326
20.0,379,15.751603
160.0,698,18.251327
0.0,297,19.345119
100.0,479,21.088088
0.0,424,22.593964
60.0,513,24.58347
40.0,425,26.732533
100.0,495,28.617972
80.0,467,30.333934
120.0,523,32.566239
20.0,381,34.595315
60.0,492,36.753537
60.0,428,38.368431
0.0,277,39.385245
100.0,491,41.355747
40.0,425,42.934598
200.0,873,51.22787
100.0,508,57.33187
60.0,434,62.373403
60.0,631,69.547435
80.0,468,74.864904
40.0,391,79.486877
100.0,428,84.862305
60.0,433,90.668052
100.0,540,96.950261
120.0,621,104.212247
80.0,538,111.409869
40.0,432,117.89594
100.0,554,124.611787
280.0,1151,137.673983
60.0,358,141.951851
60.0,436,146.977864
100.0,466,152.722264
260.0,1016,165.693461
100.0,622,173.943366
180.0,628,181.414485
20.0,431,186.301417
20.0,377,190.549816
60.0,371,194.592422
60.0,458,199.601129
60.0,463,204.648427
60.0,371,208.676745
40.0,464,213.846281
80.0,513,219.599337
80.0,717,227.425245
20.0,371,231.424847
40.0,483,236.708559
40.0,420,241.285257
120.0,669,248.652174
60.0,510,254.240342
80.0,469,259.387775
60.0,471,264.527502
140.0,674,271.947649
20.0,355,275.808057
40.0,405,280.182572
20.0,414,284.719982
20.0,386,288.911978
100.0,549,295.057056
100.0,530,300.97828
100.0,533,306.764685
140.0,662,314.076901
20.0,433,318.817236
0.0,330,322.363577
0.0,370,326.403158
100.0,487,331.703722
40.0,431,336.608415
120.0,637,343.691568
100.0,535,349.692342
80.0,493,355.018638
120.0,561,361.203369
180.0,716,369.188444
60.0,409,373.74131
100.0,546,379.82201
20.0,337,383.561181
100.0,585,389.961773
40.0,367,394.266143
0.0,345,398.323879
100.0,563,404.606493
100.0,575,410.821782
40.0,447,415.738196
20.0,401,420.136647
100.0,679,428.238332
120.0,623,435.893099
160.0,720,444.456858
60.0,428,449.484839
120.0,588,456.301817
100.0,632,463.656282
0.0,344,468.62884
120.0,605,476.532397
20.0,456,482.279525
140.0,622,491.259769
0.0,384,496.84906
200.0,791,506.34692
140.0,630,514.208872
80.0,496,521.368994
140.0,571,529.209456
120.0,668,537.237641
120.0,658,544.738212
20.0,474,549.995368
60.0,506,555.708532
80.0,542,561.89399
40.0,418,566.636904
20.0,364,570.646664
40.0,393,575.204771
120.0,559,581.66912
140.0,674,589.877956
160.0,766,600.03513
100.0,535,606.945451
260.0,962,620.245291
140.0,718,629.951863
300.0,926,642.044116
60.0,511,648.647973
80.0,454,654.405621
40.0,421,659.740385
60.0,438,664.919557
120.0,586,672.066835
40.0,471,677.899394
220.0,797,688.32682
20.0,315,692.561344
0.0,315,696.408582
80.0,451,702.09321
180.0,748,711.580957
100.0,668,719.576377
120.0,767,729.685156
80.0,480,736.26798
120.0,649,744.793055
180.0,736,757.476655
280.0,1182,772.303114
80.0,538,778.330155
180.0,698,786.215068
80.0,506,791.855751
100.0,470,797.098727
140.0,615,803.993681
180.0,901,814.14345
20.0,421,818.80172
40.0,465,824.058706
200.0,774,832.741062
160.0,695,840.536073
80.0,437,845.391766
60.0,474,850.692157
100.0,549,856.821232
160.0,692,864.648508
120.0,511,870.411927
80.0,546,876.505282
0.0,319,880.017212
40.0,519,885.77731
100.0,503,891.639675
20.0,432,896.654584
80.0,576,903.495102
160.0,804,913.363583
60.0,514,920.623051
80.0,755,930.227038
140.0,598,937.134995
0.0,359,941.680059
140.0,572,948.536568
60.0,367,952.786602
60.0,424,958.117096
260.0,948,977.221862
340.0,951,989.505404
180.0,845,999.618725
60.0,595,1007.327526
160.0,758,1017.400737
60.0,437,1022.456874
60.0,549,1028.879618
60.0,483,1034.218989
240.0,790,1042.958417
60.0,604,1049.538992
40.0,531,1055.31461
120.0,669,1063.064192
0.0,368,1067.875805
40.0,402,1073.239677
20.0,378,1077.782415
20.0,399,1082.46113
0.0,307,1086.149256
0.0,423,1091.47837
20.0,338,1096.074365
60.0,409,1101.564667
80.0,490,1107.132508
140.0,714,1115.379639
160.0,636,1122.564248
60.0,421,1127.241328
240.0,957,1138.102683
60.0,482,1143.600785
120.0,670,1153.305663
80.0,468,1161.630167
20.0,383,1166.149072
160.0,617,1174.018649
80.0,399,1178.913326
80.0,613,1186.418303
180.0,753,1195.983616
40.0,376,1200.828276
140.0,677,1209.452722
120.0,691,1218.951995
0.0,312,1222.961327
0.0,330,1227.284127
80.0,505,1233.367955
120.0,638,1241.611018
20.0,457,1247.118116
60.0,549,1253.155543
0.0,400,1257.559723
40.0,381,1261.702241
220.0,758,1270.062091
40.0,365,1274.04253
40.0,460,1279.100093
160.0,903,1289.140496
300.0,1148,1302.5954
140.0,650,1310.857671
100.0,561,1317.817958
160.0,622,1325.913774
260.0,923,1337.358005
120.0,693,1345.741736
140.0,608,1353.44865
60.0,478,1358.921365
60.0,448,1363.836149
0.0,353,1367.718191
80.0,571,1374.065277
220.0,834,1384.189394
260.0,1055,1396.229714
140.0,745,1404.339285
80.0,528,1410.385238
220.0,790,1419.05724
120.0,541,1424.941221
260.0,805,1434.233011
60.0,522,1441.260424
60.0,418,1446.16078
180.0,947,1458.822304
120.0,742,1467.284426
200.0,789,1477.454362
120.0,659,1485.843794
80.0,530,1492.790223
60.0,501,1499.123611
20.0,364,1505.146906
20.0,376,1510.475606
200.0,869,1522.365322
60.0,425,1527.338131
80.0,598,1534.314572
80.0,525,1540.856127
20.0,403,1545.713057
220.0,921,1558.502539
100.0,528,1564.5781
0.0,349,1568.444732
140.0,650,1576.069657
20.0,421,1580.684758
160.0,766,1589.173439
140.0,747,1597.310889
40.0,601,1603.862864
60.0,527,1609.664139
160.0,615,1616.442463
180.0,892,1626.28539
60.0,464,1631.352724
60.0,418,1636.060967
40.0,365,1640.014181
40.0,369,1644.194224
160.0,901,1654.368795
80.0,417,1658.889436
140.0,732,1667.119878
0.0,305,1670.390422
0.0,361,1674.592043
160.0,696,1682.648469
200.0,757,1691.135752
40.0,350,1694.909449
0.0,370,1698.965117
0.0,313,1702.381236
80.0,502,1707.841406
180.0,718,1715.762348
240.0,1115,1728.191368
100.0,579,1735.459206
60.0,454,1740.700372
300.0,1202,1755.623079
0.0,359,1759.888589
240.0,965,1771.191377
140.0,565,1777.48289
20.0,384,1781.602129
40.0,365,1785.481686
80.0,566,1791.622464
60.0,424,1796.199313
40.0,454,1801.089643
40.0,553,1807.118138
80.0,473,1812.204577
100.0,524,1817.878267
40.0,422,1822.579334
260.0,905,1833.013617
40.0,434,1838.119207
0.0,260,1841.010759
0.0,299,1844.212555
240.0,909,1854.373525
60.0,425,1859.14358
40.0,390,1863.375552
160.0,760,1871.720566
160.0,827,1881.365288
20.0,322,1884.856458
180.0,740,1893.327043
240.0,917,1903.828242
0.0,309,1907.306089
120.0,799,1916.615835
60.0,568,1923.220113
140.0,623,1930.343818
100.0,598,1937.397326
20.0,359,1941.65055
80.0,406,1946.421407
120.0,632,1953.681811
240.0,909,1964.508432
160.0,740,1973.280877
20.0,303,1976.658003
100.0,592,1983.407432
200.0,925,1994.120332
60.0,597,2000.927695
120.0,635,2008.235195
140.0,583,2014.985282
80.0,602,2022.21266
240.0,959,2033.353372
120.0,646,2040.745431
240.0,795,2050.273772
240.0,893,2062.734649
140.0,597,2071.178265
220.0,912,2082.433361
340.0,1262,2099.094827
140.0,662,2107.503994
160.0,882,2118.232764
20.0,350,2122.973026
160.0,657,2131.367165
180.0,723,2139.753108
60.0,485,2145.815563
240.0,895,2156.359635
160.0,670,2164.599716
200.0,754,2174.52011
120.0,662,2183.158258
80.0,684,2191.169466
100.0,598,2197.949068
0.0,385,2202.277833
240.0,848,2212.439009
380.0,1366,2230.254279
200.0,935,2241.802353
140.0,585,2248.960526
160.0,771,2257.732381
240.0,952,2269.435727
160.0,821,2279.32983
120.0,563,2286.527585
20.0,351,2291.889722
200.0,844,2303.152683
80.0,460,2308.788949
20.0,425,2314.185468
120.0,764,2324.737548
240.0,941,2336.311245
240.0,699,2344.573669
20.0,399,2349.335495
260.0,765,2358.484052
60.0,506,2364.436723
20.0,444,2370.065344
180.0,824,2380.210711
40.0,473,2386.027412
100.0,580,2393.464571
40.0,388,2398.289524
160.0,704,2407.287607
180.0,796,2417.61884
60.0,485,2424.360808
100.0,594,2432.160122
40.0,379,2436.543914
80.0,564,2443.836184
20.0,393,2448.897745
100.0,646,2456.937028
60.0,519,2463.651266
60.0,584,2470.763406
120.0,620,2479.994339
20.0,379,2485.43802
40.0,373,2490.689187
0.0,307,2494.205327
120.0,546,2500.432239
40.0,387,2504.780557
120.0,552,2511.979379
200.0,735,2521.506892
60.0,462,2526.968553
180.0,839,2537.073833
100.0,530,2543.678436
20.0,337,2548.039699
20.0,408,2553.277171
40.0,420,2558.294038
60.0,463,2563.463413
0.0,319,2567.005819
260.0,913,2577.263331
20.0,387,2581.656125
20.0,386,2586.515618
20.0,358,2592.129548
0.0,396,2597.070678
60.0,394,2602.514945
20.0,393,2607.945872
120.0,742,2618.329188
260.0,1160,2633.327765
0.0,364,2637.54116
0.0,386,2641.932281
100.0,683,2649.770569
40.0,413,2654.485496
0.0,358,2658.596488
40.0,486,2664.102633
20.0,438,2669.223607
220.0,968,2680.880363
180.0,693,2689.036286
40.0,482,2694.46968
80.0,587,2701.132006
0.0,382,2705.461903
0.0,335,2709.21843
0.0,279,2712.449487
60.0,447,2717.578341
60.0,507,2723.508933
80.0,542,2729.628913
60.0,437,2734.572355
340.0,1038,2747.061951
40.0,347,2751.361183
0.0,299,2754.947601
120.0,575,2761.330546
80.0,613,2768.25696
60.0,561,2774.427416
160.0,799,2783.263103
60.0,462,2788.331205
20.0,403,2792.711209
0.0,317,2796.159952
60.0,452,2801.120532
80.0,645,2808.426778
0.0,347,2813.212255
0.0,280,2816.4154
140.0,598,2823.034543
20.0,426,2827.655709
120.0,647,2834.7359
0.0,312,2838.203105
100.0,500,2843.931137
20.0,394,2848.262191
240.0,1355,2866.02342
160.0,825,2876.242212
20.0,392,2881.025978
80.0,594,2888.279845
40.0,408,2893.397224
240.0,760,2903.314036
220.0,917,2916.731435
280.0,1084,2931.090314
180.0,778,2941.276055
80.0,620,2948.996587
140.0,622,2956.032029
120.0,625,2963.311962
60.0,456,2968.98002
260.0,974,2981.456197
20.0,366,2986.046687
40.0,409,2991.088663
120.0,591,2998.898885
120.0,658,3007.8903
160.0,584,3016.110307
280.0,1051,3031.165417
280.0,990,3044.069728
120.0,648,3051.921379
140.0,537,3058.210901
120.0,704,3066.672264
180.0,759,3075.566066
80.0,565,3081.966909
140.0,578,3088.183212
120.0,672,3095.470937
360.0,1540,3112.723994
80.0,497,3118.451928
180.0,934,3128.495775
160.0,696,3136.339619
20.0,403,3140.466486
200.0,715,3147.860542
180.0,738,3155.513061
240.0,1260,3168.647743
380.0,1231,3181.513205
140.0,513,3186.758384
300.0,1374,3201.065107
420.0,1274,3214.300842
240.0,959,3224.558446
140.0,615,3232.024178
280.0,1009,3244.224974
300.0,1236,3258.209368
260.0,807,3267.450592
120.0,486,3272.649431
220.0,850,3282.095222
260.0,952,3292.766207
240.0,782,3301.770995
160.0,698,3309.612967
320.0,1109,3321.767419
160.0,786,3330.531489
180.0,669,3337.892443
120.0,546,3343.507921
320.0,1270,3356.68925
280.0,1026,3367.40677
280.0,1127,3379.418216
360.0,1147,3391.492435
140.0,569,3397.941941
160.0,619,3404.775197
320.0,1095,3417.928626
220.0,1069,3432.243762
200.0,915,3446.381965
220.0,877,3459.240561
120.0,579,3467.531353
200.0,776,3478.647617
100.0,660,3488.084401
60.0,579,3495.378388
60.0,356,3499.186554
100.0,611,3506.700664
0.0,344,3510.795736
120.0,687,3518.505082
180.0,902,3528.444517
100.0,507,3533.963724
120.0,643,3541.048769
180.0,794,3549.933996
120.0,656,3557.668515
160.0,633,3566.027256
60.0,421,3571.566333
200.0,741,3580.666984
100.0,605,3588.355415
120.0,525,3595.00662
140.0,538,3601.5551
360.0,1257,3616.589879
100.0,670,3624.623383
140.0,665,3632.522248
160.0,610,3639.68212
360.0,1331,3655.447913
320.0,1116,3668.994669
400.0,1263,3684.390479
220.0,1090,3697.939257
460.0,1516,3717.317384
420.0,1477,3735.904655
260.0,976,3747.918551
340.0,1232,3762.678051
120.0,602,3769.481858
140.0,653,3776.91294
380.0,1223,3791.217668
120.0,569,3798.140183
100.0,445,3803.749666
220.0,811,3816.224771
100.0,410,3822.31947
80.0,573,3831.06108
60.0,459,3837.585633
60.0,418,3843.764122
0.0,295,3848.043646
320.0,1460,3865.925673
140.0,614,3873.161745
60.0,541,3879.764041
280.0,972,3892.112006
160.0,707,3900.351986
320.0,1085,3913.074698
340.0,1275,3927.773503
320.0,1220,3943.427622
280.0,1071,3955.475721
180.0,696,3963.418845
160.0,593,3970.611304
180.0,810,3979.360193
80.0,476,3984.639504
220.0,740,3993.534357
160.0,817,4003.574149
280.0,1122,4018.731636
180.0,840,4029.756644
200.0,803,4039.748525
340.0,1196,4054.68571
320.0,1198,4069.971345
140.0,773,4080.233556
140.0,737,4089.680902
180.0,780,4099.177616
340.0,1220,4116.006023
300.0,1019,4129.817375
180.0,698,4139.236252
240.0,946,4151.961052
220.0,789,4161.812695
220.0,713,4170.571262
180.0,783,4179.968121
380.0,1296,4196.254582
200.0,976,4207.640086
120.0,496,4213.758718
80.0,419,4219.127353
420.0,1442,4236.216632
180.0,680,4243.690635
100.0,776,4252.326531
300.0,952,4262.891265
160.0,596,4270.261546
380.0,1335,4286.031805
120.0,547,4292.665812
180.0,565,4300.184642
220.0,789,4309.665004
220.0,932,4319.887941
280.0,933,4330.066745
20.0,353,4333.869323
40.0,588,4340.254289
220.0,924,4350.268719
320.0,1158,4364.311474
140.0,567,4371.8348
100.0,467,4377.573378
220.0,781,4387.286018
200.0,729,4396.077582
0.0,371,4400.349641
60.0,422,4405.213337
120.0,562,4411.976685
80.0,495,4418.433638
0.0,379,4422.942298
60.0,593,4430.346468
60.0,426,4435.125993
100.0,624,4442.800879
80.0,447,4447.904079
80.0,570,4454.253524
140.0,730,4462.722001
100.0,544,4468.939887
40.0,478,4474.204574
160.0,799,4483.720321
100.0,530,4489.794802
100.0,765,4498.378458
140.0,857,4508.056434
0.0,318,4511.470268
100.0,597,4517.928021
40.0,368,4521.918938
140.0,844,4531.108833
160.0,796,4539.854193
80.0,649,4547.386533
220.0,957,4558.943871
100.0,655,4566.55823
60.0,486,4572.153993
40.0,349,4576.174559
80.0,524,4582.338363
100.0,600,4589.315527
200.0,901,4600.957251
80.0,523,4607.185969
200.0,963,4618.464851
180.0,650,4626.553726
140.0,578,4634.347974
80.0,519,4640.541897
60.0,538,4646.733019
100.0,442,4651.754302
40.0,444,4656.632063
100.0,523,4662.673295
60.0,471,4668.58576
140.0,653,4676.453451
260.0,1035,4688.989915
180.0,889,4699.817786
120.0,592,4707.441369
240.0,1003,4719.905908
160.0,635,4727.233532
300.0,1128,4740.053044
140.0,620,4746.960725
200.0,1022,4758.292948
320.0,1194,4771.476307
80.0,432,4776.177286
320.0,1234,4789.890121
300.0,1087,4801.792175
80.0,700,4810.354917
100.0,561,4817.053486
180.0,840,4826.294987
180.0,797,4835.006357
260.0,927,4845.547862
300.0,1201,4861.14236
180.0,1202,4875.59264
260.0,887,4885.543186
180.0,895,4895.751112
200.0,886,4905.975658
160.0,750,4914.583456
280.0,1002,4926.085689
120.0,609,4933.067092
100.0,546,4939.238088
200.0,937,4950.025919
100.0,828,4959.437034
220.0,857,4968.992872
140.0,617,4975.842891
180.0,921,4986.160034
180.0,877,4995.806261
260.0,1053,5007.49354
160.0,659,5014.956534
200.0,781,5024.110255
120.0,487,5029.594514
160.0,961,5040.775351
200.0,638,5048.490698
140.0,651,5056.138191
300.0,1333,5071.883375
180.0,779,5080.80084
180.0,753,5089.344281
320.0,1095,5101.483252
340.0,1328,5116.860431
180.0,782,5125.668969
340.0,975,5136.969476
140.0,561,5143.284163
140.0,650,5150.409309
100.0,572,5156.831714
80.0,636,5164.017821
220.0,937,5174.553534
200.0,810,5183.539697
140.0,602,5190.190718
280.0,1065,5202.036344
220.0,950,5212.667006
40.0,394,5217.024304
180.0,810,5226.006206
60.0,552,5232.038265
0.0,361,5235.951967
80.0,553,5242.008213
40.0,417,5246.535291
60.0,555,5252.594905
20.0,440,5257.468364
20.0,390,5261.679783
220.0,926,5271.836935
80.0,476,5277.014589
40.0,483,5282.331993
20.0,446,5287.188719
0.0,344,5290.896322
0.0,354,5295.097787
20.0,514,5300.74103
0.0,287,5303.892333
60.0,528,5310.248105
20.0,482,5316.001353
40.0,547,5322.287474
40.0,396,5326.790287
20.0,417,5331.374367
20.0,314,5334.769473
20.0,385,5338.998019
20.0,403,5343.38495
0.0,299,5346.581343
20.0,348,5350.389873
20.0,506,5355.864615
20.0,384,5360.025285
40.0,397,5364.37023
40.0,546,5370.337415
0.0,313,5373.758674
40.0,594,5380.268261
20.0,503,5385.76209
0.0,396,5390.056974
0.0,317,5393.472053
40.0,443,5398.30307
0.0,419,5402.864799
0.0,355,5406.654514
20.0,513,5412.272449
0.0,458,5417.284238
0.0,545,5423.254568
0.0,396,5427.576504
20.0,456,5434.292753
20.0,423,8770.459185
40.0,492,8776.485944
20.0,371,8780.83619
0.0,373,8785.298704
0.0,398,8789.998657
20.0,433,8795.039195
20.0,330,8798.630958
0.0,325,8802.1874
60.0,488,8808.053462
0.0,406,8812.877593
0.0,487,8818.779192
40.0,527,8825.476765
100.0,625,8833.189937
20.0,419,8837.79727
20.0,368,8841.822507
20.0,403,8846.317253
20.0,355,8850.440345
60.0,496,8856.124336
20.0,550,8862.343357
20.0,398,8866.947209
60.0,469,8872.303044
20.0,485,8877.979154
20.0,327,8881.829519
0.0,366,8886.204593
220.0,892,8896.714698
220.0,794,8905.457094
100.0,674,8912.979308
100.0,556,8918.97795
20.0,470,8924.24465
0.0,282,8927.336686
20.0,433,8932.209127
60.0,465,8937.604964
20.0,540,8943.672138
180.0,706,8952.123935
20.0,379,8957.551143
100.0,625,8966.650416
120.0,637,8974.794361
20.0,398,8981.437083
0.0,375,8985.831403
0.0,459,8991.846672
280.0,791,9005.546393
80.0,669,9013.675147
200.0,773,9024.344602
180.0,787,9032.834887
140.0,529,9038.717331
240.0,806,9048.617677
140.0,633,9055.885823
240.0,817,9065.311861
240.0,801,9078.696069
140.0,995,9089.230904
400.0,1494,9105.266957
260.0,964,9115.853592
300.0,963,9126.159473
180.0,675,9133.534854
180.0,621,9140.619524
180.0,768,9149.304302
220.0,1367,9165.434901
440.0,1285,9180.584085
420.0,1315,9195.812168
320.0,1088,9207.680725
120.0,673,9215.166518
220.0,718,9223.09162
280.0,1014,9235.112187
340.0,1320,9252.638333
340.0,1188,9267.959493
240.0,951,9280.338583
320.0,1288,9297.354299
380.0,1257,9313.536343
420.0,1639,9332.548989
380.0,1234,9346.544483
340.0,1294,9361.157192
220.0,824,9370.425151
140.0,709,9378.328544
240.0,1027,9390.079556
80.0,509,9395.80344
0.0,344,9399.58518
580.0,2021,9422.404587
180.0,979,9433.440093
400.0,1291,9448.115517
360.0,1372,9463.72356
200.0,854,9473.944847
80.0,447,9478.969553
80.0,598,9485.704655
40.0,626,9492.75567
180.0,627,9499.71448
240.0,923,9510.158452
0.0,453,9515.175016
0.0,302,9518.508123
20.0,400,9522.951669
20.0,366,9527.160992
440.0,1454,9544.746342
40.0,476,9550.039618
240.0,715,9558.083775
60.0,604,9565.24858
340.0,1098,9578.710771
340.0,1270,9594.169452
340.0,972,9605.217984
140.0,578,9611.78641
320.0,1426,9628.457885
260.0,1260,9643.442849
140.0,505,9649.296591
160.0,814,9658.964724
280.0,1145,9673.552014
280.0,1126,9688.328568
220.0,724,9697.614485
80.0,496,9703.170358
280.0,1184,9717.17745
200.0,738,9725.860014
240.0,999,9737.346323
240.0,916,9747.757268
140.0,750,9756.271546
460.0,1627,9775.028992
300.0,1109,9787.778126
220.0,807,9797.217833
300.0,1199,9811.011903
300.0,1161,9824.430594
420.0,1463,9841.445196
180.0,1029,9853.685087
240.0,925,9864.424596
200.0,1219,9878.391919
300.0,1257,9892.664965
240.0,1295,9907.458157
200.0,644,9914.812105
400.0,1356,9930.279807
220.0,1099,9942.789037
160.0,987,9954.026654
60.0,472,9959.338642
80.0,722,9967.710118
40.0,507,9973.578954
80.0,596,9980.592569
0.0,382,9984.941642
20.0,669,9992.546433
100.0,546,9998.751355
60.0,629,10005.895039
40.0,447,10010.911084
80.0,540,10017.044071
0.0,339,10020.855632
60.0,542,10026.948951
100.0,952,10037.795576
0.0,361,10041.824143
20.0,561,10048.169665
20.0,360,10052.193304
120.0,721,10060.505091
180.0,773,10069.591511
80.0,509,10075.456524
80.0,603,10082.224174
40.0,552,10088.449141
160.0,943,10099.397953
100.0,660,10107.207887
60.0,468,10112.530324
80.0,381,10116.834508
440.0,1542,10134.898849
120.0,640,10142.444888
120.0,697,10150.451221
140.0,911,10161.095433
160.0,741,10169.653822
300.0,1482,10187.00353
300.0,1162,10201.565608
260.0,1016,10213.196624
260.0,1019,10224.805761
240.0,1034,10236.814551
260.0,1196,10251.42167
180.0,715,10259.717888
260.0,955,10270.65589
240.0,1427,10286.934238
100.0,762,10295.629832
180.0,827,10305.202088
340.0,1319,10323.979871
340.0,1089,10337.882393
320.0,1253,10359.092016
240.0,805,10372.160923
200.0,862,10384.626182
140.0,822,10395.477092
280.0,1113,10408.954759
300.0,1312,10424.942709
180.0,658,10432.734978
300.0,934,10443.635413
140.0,618,10452.634422
500.0,1957,10478.860604
180.0,874,10490.935067
240.0,883,10503.248749
240.0,1168,10520.708836
60.0,676,10529.180677
40.0,511,10535.775238
220.0,899,10545.811352
60.0,764,10555.06343
40.0,438,10560.388793
0.0,480,10566.188286
100.0,573,10573.178298
40.0,494,10579.707174
20.0,554,10587.323497
40.0,511,10593.39538
60.0,617,10600.690583
20.0,481,10606.43341
120.0,930,10617.612495
200.0,814,10626.782436
140.0,861,10636.33501
100.0,722,10644.569032
20.0,370,10648.707457
40.0,580,10655.518909
220.0,1094,10667.898681
60.0,710,10676.182387
20.0,422,10681.724025
80.0,566,10688.456391
180.0,737,10696.854418
160.0,931,10707.390818
140.0,966,10718.359616
120.0,559,10724.703326
160.0,875,10734.660676
160.0,612,10741.689127
120.0,636,10749.045954
320.0,936,10760.351403
120.0,620,10768.158623
120.0,659,10776.183832
120.0,618,10784.31546
100.0,708,10792.474415
80.0,569,10800.336292
160.0,634,10808.111047
80.0,708,10820.276016
80.0,562,10828.930473
140.0,770,10837.938593
60.0,731,10846.1929
80.0,635,10853.817469
40.0,466,10859.268049
160.0,734,10868.74838
140.0,708,10877.705931
160.0,666,10885.408336
180.0,837,10894.861759
60.0,516,10900.746573
120.0,666,10908.213101
120.0,656,10915.660091
220.0,911,10926.459418
140.0,701,10934.409602
80.0,496,10939.985336
180.0,987,10951.288931
20.0,397,10955.775333
20.0,467,10961.013516
40.0,373,10965.202248
20.0,429,10970.077899
40.0,437,10974.99936
40.0,542,10981.15448
0.0,414,10985.806405
80.0,552,10992.063385
80.0,523,10998.051135
60.0,516,11003.902949
60.0,439,11008.98153
20.0,376,11013.247524
20.0,442,11018.216888
40.0,416,11023.016218
20.0,401,11027.495399
40.0,483,11032.950108
80.0,484,11038.482397
40.0,426,11043.343343
20.0,406,11047.969536
40.0,467,11053.25904
80.0,545,11059.634052
60.0,528,11065.596526
0.0,339,11069.486211
20.0,460,11074.574814
20.0,475,11079.804785
0.0,434,11084.569609
20.0,591,11091.147512
20.0,381,11095.367439
20.0,533,11101.26234
0.0,411,11105.754204
80.0,643,11112.934788
0.0,402,11117.292862
20.0,438,11122.19205
40.0,585,11128.762553
60.0,633,11135.829241
60.0,451,11140.799739
0.0,604,11147.434815
60.0,478,11153.959862
20.0,381,11158.256537
20.0,475,11163.430429
20.0,437,11168.278961
0.0,491,11173.631037
60.0,620,11180.950696
60.0,742,11189.763399
20.0,569,11196.81572
20.0,728,11205.274084
100.0,522,11211.640431
20.0,387,11215.903798
60.0,489,11221.314296
60.0,463,11226.45436
100.0,603,11233.206751
0.0,381,11237.403016
40.0,468,11242.603881
20.0,522,11248.350935
0.0,351,11252.183461
100.0,712,11260.169231
20.0,551,11266.224277
20.0,394,11270.655821
40.0,395,11274.957656
60.0,578,11281.314783
20.0,553,11287.451766
40.0,523,11293.185094
60.0,543,11299.159428
20.0,483,11304.50158
80.0,519,11310.228236
100.0,772,11318.743527
20.0,404,11323.134495
80.0,521,11328.885474
80.0,559,11335.055792
40.0,434,11339.783002
20.0,345,11343.540964
100.0,449,11348.501747
80.0,577,11354.922346
60.0,488,11360.284563
20.0,439,11365.070354
40.0,440,11369.944082
80.0,564,11376.173352
60.0,657,11383.346112
20.0,423,11387.94392
0.0,465,11393.033565
0.0,873,11402.691427
0.0,407,11407.127968
0.0,500,11412.699411
0.0,359,11416.653178
0.0,349,11420.494863
0.0,478,11425.780031
20.0,461,11430.84574
280.0,946,11442.11429
100.0,654,11450.001765
100.0,677,11458.33568
60.0,522,11464.223026
20.0,511,11470.045525
80.0,784,11478.77562
80.0,509,11484.761221
100.0,643,11492.453756
100.0,579,11499.569421
60.0,555,11506.03679
60.0,548,11513.451955
200.0,981,11524.923873
120.0,542,11531.352241
120.0,495,11537.621157
220.0,745,11546.235814
240.0,778,11554.719862
220.0,659,11562.111065
320.0,1203,11575.841551
180.0,1006,11587.158314
240.0,737,11595.49463
140.0,754,11604.042158
420.0,950,11614.700568
140.0,885,11624.674931
120.0,782,11633.534067
120.0,728,11641.720485
100.0,692,11651.739043
60.0,610,11658.583704
180.0,733,11666.810756
100.0,463,11671.949161
100.0,610,11678.709462
20.0,497,11684.330699
140.0,809,11693.442635
60.0,516,11699.200356
60.0,625,11706.200947
120.0,666,11713.658534
40.0,510,11719.288594
20.0,604,11726.043674
20.0,435,11730.846757
80.0,643,11738.04849
60.0,638,11745.1949
20.0,553,11751.335526
40.0,568,11757.634545
100.0,567,11764.698893
20.0,782,11773.898808
40.0,895,11783.773674
0.0,371,11787.683148
40.0,418,11792.087508
80.0,663,11799.653228
100.0,586,11806.605301
100.0,792,11815.699668
60.0,618,11822.866623
220.0,836,11831.840422
100.0,734,11839.587417
60.0,856,11849.070546
20.0,489,11854.348569
20.0,472,11859.500234
0.0,923,11869.489827
160.0,861,11878.895143
100.0,680,11886.18331
260.0,841,11895.269236
100.0,616,11901.931366
140.0,776,11910.852507
180.0,1237,11925.753866
180.0,995,11937.027272
180.0,730,11944.980822
280.0,825,11954.62579
220.0,972,11965.267037
200.0,702,11973.123555
160.0,636,11979.902449
120.0,584,11986.466668
380.0,1277,12001.784814
160.0,722,12010.562331
280.0,1193,12024.628736
480.0,1427,12040.944073
320.0,1251,12055.299665
200.0,949,12066.511651
100.0,518,12072.358998
200.0,830,12081.717959
400.0,1366,12097.55758
340.0,1282,12112.611331
200.0,889,12123.028435
440.0,1216,12136.884365
380.0,1498,12154.850338
220.0,923,12166.350312
160.0,650,12174.393819
200.0,929,12184.972515
140.0,620,12192.570163
200.0,830,12201.804483
300.0,1056,12213.625856
280.0,1165,12226.592138
280.0,1272,12241.848622
160.0,568,12248.964614
180.0,931,12260.375136
440.0,1474,12277.065482
300.0,1237,12290.893485
120.0,690,12298.575932
300.0,1114,12311.036594
200.0,811,12320.150237
120.0,599,12326.87325
260.0,924,12337.747132
280.0,1006,12349.63034
220.0,781,12359.021214
360.0,1331,12375.116153
160.0,666,12383.097549
100.0,647,12390.370092
120.0,564,12396.963528
220.0,778,12406.241704
120.0,597,12413.295832
140.0,850,12422.895149
160.0,941,12433.395057
120.0,697,12441.389668
80.0,524,12447.272928
20.0,442,12452.669751
0.0,441,12457.865849
60.0,572,12464.381417
20.0,525,12470.211818
0.0,407,12474.953133
20.0,590,12482.087046
40.0,499,12487.770866
120.0,716,12495.854213
60.0,536,12501.922981
120.0,731,12510.27963
120.0,682,12518.047873
20.0,415,12522.794137
60.0,588,12529.37154
120.0,648,12536.637101
140.0,767,12545.265018
240.0,928,12556.144909
500.0,1537,12573.370822
220.0,951,12584.02033
280.0,1248,12597.989955
260.0,1151,12610.84955
360.0,1131,12623.493721
140.0,763,12632.008938
200.0,853,12641.568364
180.0,1070,12653.529362
160.0,672,12660.997382
160.0,809,12669.971373
160.0,835,12679.241571
220.0,938,12689.661693
120.0,690,12697.318208
220.0,815,12706.381958
120.0,768,12714.881219
220.0,804,12723.879145
120.0,628,12731.425955
160.0,837,12741.300555
260.0,934,12752.316065
200.0,927,12763.049349
220.0,890,12774.003042
140.0,666,12782.097386
140.0,791,12791.697701
120.0,696,12800.046365
20.0,427,12805.141733
80.0,583,12812.026313
20.0,352,12816.544226
100.0,650,12824.121952
40.0,556,12830.634528
20.0,652,12838.515443
20.0,461,12844.098506
0.0,506,12849.970795
60.0,546,12856.860361
60.0,517,12863.755914
40.0,829,12873.862873
0.0,427,12878.759772
0.0,324,12882.450898
0.0,423,12887.411624
80.0,473,12892.995684
0.0,371,12897.4747
20.0,549,12904.328365
0.0,479,12909.825656
40.0,683,12917.469207
0.0,662,12924.808571
0.0,406,12929.30554
20.0,433,12934.141601
100.0,599,12940.799786
0.0,417,12945.366569
20.0,447,12950.324305
0.0,539,12956.488815
0.0,458,12962.269347
40.0,518,12968.245358
0.0,581,12974.74098
0.0,786,12983.516501
0.0,796,12992.420679
40.0,534,12998.380733
0.0,684,13006.515968
40.0,537,13012.833066
80.0,862,13023.658104
0.0,507,13029.69296
60.0,560,13036.570559
0.0,525,13043.132004
0.0,423,13048.548512
0.0,529,13054.779839
0.0,621,13062.092276
0.0,393,13067.728198
0.0,637,13075.787636
0.0,601,13082.798877
0.0,589,13091.302127
0.0,395,13096.506204
20.0,423,13101.668392
0.0,355,13106.297009
0.0,654,13115.642457
20.0,552,13122.697592
0.0,722,13131.851119
0.0,443,13137.188838
0.0,405,13142.176504
0.0,538,13148.780797
40.0,512,13154.996197
40.0,519,13161.155716
0.0,808,13171.95981
40.0,590,13179.843691
80.0,570,13186.745263
60.0,576,13194.203273
0.0,640,13202.228408
0.0,548,13208.430788
120.0,684,13216.132724
20.0,735,13224.699793
0.0,698,13232.912793
20.0,541,13239.027443
160.0,608,13246.018729
80.0,1032,13258.01264
180.0,963,13270.078386
0.0,820,13279.256802
120.0,1055,13291.622719
0.0,558,13299.312165
0.0,750,13308.149501
0.0,725,13316.501157
0.0,872,13329.655999
160.0,963,13340.661556
40.0,697,13348.740902
40.0,871,13359.195957
0.0,659,13366.60012
60.0,592,13374.420198
0.0,578,13383.281319
0.0,652,13393.228793
20.0,548,13399.802736
40.0,807,13408.620401
0.0,652,13415.572842
0.0,638,13422.470336
0.0,766,13430.553209
40.0,869,13439.742427
0.0,655,13446.643769
20.0,681,13453.824355
0.0,627,13460.376388
40.0,703,13467.937502
20.0,731,13475.942761
20.0,788,13485.279671
80.0,1242,13500.616742
60.0,1032,13512.799194
100.0,804,13522.299664
120.0,886,13532.186336
180.0,927,13542.961966
160.0,701,13550.745357
100.0,482,13556.069624
200.0,1123,13568.680442
260.0,1049,13580.72651
180.0,677,13588.265538
540.0,1699,13607.345034
100.0,554,13613.913288
540.0,1880,13635.854448
360.0,1368,13651.085285
460.0,1553,13668.571586
400.0,1254,13683.339208
400.0,1450,13700.394194
560.0,1730,13721.315075
400.0,1274,13737.034806
420.0,1360,13752.547705
320.0,1140,13765.630192
300.0,999,13776.990803
120.0,583,13783.33525
340.0,1161,13796.039268
220.0,904,13805.990102
340.0,1183,13819.012126
240.0,973,13829.568446
500.0,1533,13846.442071
140.0,691,13854.087148
260.0,909,13864.173161
380.0,1367,13879.247987
320.0,1113,13891.549101
360.0,1329,13906.276539
320.0,1154,13919.182174
380.0,1304,13933.528451
300.0,1019,13944.6286
520.0,1763,13964.392415
480.0,1466,13981.217726
180.0,857,13990.766079
220.0,1050,14001.945322
140.0,658,14008.877338
280.0,967,14019.080284
260.0,1125,14031.005537
200.0,825,14039.777705
280.0,1026,14050.647626
200.0,847,14059.588429
320.0,1419,14074.650568
160.0,656,14081.568898
200.0,934,14091.586751
380.0,2022,14113.641604
220.0,919,14123.490988
120.0,577,14129.715576
120.0,672,14136.767658
240.0,691,14144.087711
140.0,564,14149.999469
380.0,1393,14165.619473
300.0,1237,14178.737385
280.0,1185,14191.332187
180.0,649,14198.177915
220.0,936,14208.114323
300.0,1178,14220.744708
180.0,685,14228.227872
260.0,1197,14242.004142
360.0,1572,14259.432903
240.0,927,14269.629078
260.0,959,14280.205895
220.0,889,14289.993523
500.0,1773,14309.593163
60.0,768,14318.026083
220.0,970,14328.693393
420.0,1602,14346.397703
600.0,2178,14370.557844
380.0,1196,14383.562026
320.0,1179,14395.985768
520.0,1734,14414.499163
480.0,1377,14429.065742
340.0,1169,14441.457471
500.0,1540,14457.760362
320.0,1345,14472.068844
540.0,1585,14488.957125
580.0,1688,14506.943349
520.0,1708,14525.036062
300.0,1164,14537.395792
460.0,1484,14553.097672
540.0,2032,14574.74605
140.0,486,14579.806196
160.0,582,14585.919168
540.0,1553,14602.522894
180.0,743,14610.296145
500.0,1623,14627.481558
300.0,1049,14638.523479
380.0,1330,14652.611371
320.0,1134,14664.636203
480.0,1651,14682.176105
400.0,1338,14696.369691
420.0,1418,14711.440804
440.0,1603,14728.471274
300.0,1144,14740.797108
560.0,1923,14761.938626
180.0,1032,14773.040562
220.0,1173,14786.108216
260.0,908,14796.532945
140.0,1095,14808.964156
280.0,1284,14822.605888
140.0,1331,14836.764544
60.0,1407,14852.128654
100.0,951,14862.171521
220.0,1407,14877.069824
120.0,953,14887.107699
420.0,1537,14903.468587
260.0,1112,14915.245688
280.0,971,14925.861605
120.0,738,14934.701054
80.0,1039,14948.235312
140.0,1244,14964.89002
20.0,2213,14990.186624
40.0,1401,15005.026416
0.0,826,15013.791185
20.0,1273,15027.439421
140.0,1180,15039.956153
100.0,1649,15058.728942
60.0,989,15070.233547
120.0,1276,15084.993409
80.0,2401,15112.672721
20.0,1923,15133.566055
120.0,3110,15169.420953
20.0,3542,15208.97411
0.0,2773,15241.443665
500.0,1984,15263.398576
320.0,1070,15275.105924
260.0,2385,15301.034177
680.0,1832,15320.922517
820.0,2149,15344.211138
340.0,1542,15360.797815
240.0,1164,15373.280081
360.0,1299,15387.292926
380.0,1925,15408.917408
180.0,1423,15425.441251
140.0,1407,15441.975278
60.0,849,15451.512735
80.0,1303,15466.153565
120.0,881,15475.989268
460.0,1613,15494.899682
520.0,1545,15513.520836
380.0,1234,15527.419677
420.0,1434,15543.491685
260.0,921,15554.186358
440.0,1377,15569.873568
440.0,1466,15585.47737
280.0,943,15596.050991
640.0,1879,15616.227438
260.0,992,15626.907021
220.0,742,15634.788951
260.0,862,15643.989864
440.0,1568,15660.906552
340.0,992,15671.517961
640.0,1753,15690.472935
760.0,2052,15712.365177
760.0,2288,15737.022423
560.0,1723,15755.452706
820.0,2177,15778.702369
640.0,1949,15799.532977
520.0,1497,15815.54888
660.0,2042,15837.407378
500.0,1636,15854.921983
580.0,1735,15873.381615
360.0,1310,15887.246749
640.0,1667,15905.002693
360.0,1075,15916.441587
820.0,2153,15939.372112
660.0,1884,15959.487804
540.0,1595,15976.421762
500.0,1619,15993.617157
660.0,2021,16015.139694
820.0,2270,16039.366351
740.0,1895,16059.569896
700.0,1834,16079.035771
840.0,2268,16103.287012
440.0,1338,16117.443597
820.0,2228,16141.32647
500.0,1397,16156.110121
400.0,1273,16169.651224
520.0,1392,16184.7228
320.0,983,16195.223127
360.0,1064,16206.666169
400.0,1096,16218.461723
160.0,635,16225.241061
520.0,1616,16242.610861
340.0,985,16253.157232
520.0,1374,16267.946457
480.0,1574,16284.879657
320.0,1082,16296.421827
300.0,1081,16307.982878
660.0,1837,16327.737557
420.0,1161,16340.218356
640.0,1701,16358.500379
380.0,1175,16371.139428
560.0,1454,16386.778887
380.0,919,16396.563452
420.0,1057,16407.922215
280.0,1172,16420.469109
300.0,873,16429.805312
440.0,1576,16446.852418
640.0,1946,16467.818353
380.0,1324,16482.038609
480.0,1423,16497.384445
340.0,1120,16509.457827
580.0,1611,16526.76154
500.0,1384,16541.591271
300.0,1099,16553.327279
380.0,1128,16565.387429
460.0,1415,16580.490543
400.0,1183,16593.126079
280.0,939,16603.078439
520.0,1544,16619.610386
220.0,890,16629.062312
380.0,1263,16642.59065
380.0,1064,16653.985278
440.0,1284,16667.703408
620.0,1690,16685.780517
500.0,1617,16703.029276
440.0,1392,16717.960113
460.0,1283,16731.796511
240.0,770,16739.906553
540.0,1511,16756.012179
740.0,1947,16776.76164
480.0,1666,16794.471034
580.0,1538,16810.867272
500.0,1590,16827.819295
400.0,1328,16841.926528
720.0,1959,16862.92225
620.0,1551,16879.469092
480.0,1496,16895.614958
560.0,1592,16913.234853
740.0,1938,16933.938509
640.0,1643,16951.866717
600.0,1695,16971.794811
540.0,1479,16987.787501
460.0,1278,17001.908395
580.0,1678,17020.918406
560.0,1431,17036.385997
640.0,1955,17058.704072
700.0,1732,17077.498945
800.0,2075,17099.760328
500.0,1574,17116.639512
740.0,1793,17135.869632
480.0,1315,17149.906808
840.0,2089,17172.5512
440.0,1256,17185.999552
720.0,1991,17207.754217
560.0,1409,17222.865528
540.0,1377,17237.653225
780.0,1890,17258.024895
640.0,1695,17276.219957
620.0,1688,17294.333198
820.0,1925,17315.005481
600.0,1687,17332.690674
820.0,2110,17356.187134
820.0,1985,17379.872761
460.0,1281,17393.339707
620.0,1661,17410.938405
540.0,1478,17426.440138
860.0,1930,17449.115733
640.0,1783,17470.106511
680.0,1823,17489.509367
620.0,1395,17504.288798
640.0,1687,17522.526742
620.0,1489,17539.13764
420.0,1326,17553.768274
820.0,1864,17573.932636
500.0,1387,17589.299674
660.0,1589,17607.062592
560.0,1558,17623.554451
440.0,1241,17636.683715
380.0,913,17646.337184
240.0,754,17654.220906
580.0,1562,17670.72781
420.0,1087,17682.254937
340.0,865,17692.066224
340.0,802,17700.979745
740.0,1801,17721.099931
340.0,949,17731.259274
620.0,1671,17749.647005
600.0,1780,17769.460963
380.0,1328,17783.899302
460.0,1428,17799.063658
480.0,1275,17812.574363
400.0,1243,17825.894331
420.0,1351,17840.200503
500.0,1473,17855.917034
480.0,1399,17870.76447
580.0,1879,17890.87417
500.0,1706,17909.020926
380.0,1197,17921.776474
440.0,1441,17937.099703
380.0,1190,17949.732703
360.0,1176,17962.176728
380.0,1315,17976.074812
400.0,1203,17988.803994
660.0,1881,18008.926293
320.0,1035,18019.952482
280.0,947,18030.107289
620.0,1648,18047.648466
440.0,1305,18061.480379
400.0,1216,18074.555071
460.0,1355,18088.899682
340.0,1070,18100.256641
660.0,1787,18119.21059
520.0,1662,18136.835723
480.0,1501,18152.882956
480.0,1474,18168.910308
640.0,1798,18188.459242
340.0,1184,18201.048821
700.0,1999,18222.211079
440.0,1105,18233.93754
360.0,1097,18245.548912
840.0,2011,18266.980862
520.0,1485,18282.741894
660.0,1650,18300.247988
900.0,2034,18321.852293
780.0,1918,18342.341439
840.0,2035,18364.125073
580.0,1586,18381.082766
380.0,988,18391.808816
920.0,2265,18416.075164
960.0,1938,18436.803487
500.0,1227,18449.817734
380.0,962,18459.945535
400.0,1340,18474.11861
720.0,1475,18489.754334
980.0,1973,18510.745488
640.0,1365,18525.152189
740.0,1813,18544.374319
620.0,1317,18558.369356
440.0,1160,18570.695512
900.0,1758,18589.385138
400.0,1103,18601.096611
620.0,1314,18614.993096
580.0,1437,18630.34572
720.0,1544,18646.71991
540.0,1146,18658.894988
660.0,1264,18672.345454
700.0,1364,18686.843725
700.0,1414,18701.921014
580.0,1291,18715.703797
680.0,1301,18729.975455
1020.0,2011,18751.625814
580.0,1162,18763.821912
500.0,1272,18777.335469
820.0,1876,18798.691591
720.0,1500,18815.318054
580.0,1479,18831.619617
520.0,1160,18844.039487
660.0,1551,18860.610589
580.0,1397,18875.594856
300.0,844,18884.605431
440.0,1076,18896.091754
420.0,1067,18907.505324
680.0,1457,18923.104609
940.0,1700,18941.327157
860.0,1742,18959.968672
760.0,1493,18975.954551
900.0,1698,18994.194887
600.0,1191,19006.901362
860.0,1640,19240.332963
1260.0,2121,19264.458729
660.0,1263,19281.590041
720.0,1326,19298.454385
900.0,1609,19315.597064
780.0,1512,19332.311828
1140.0,2005,19355.405408
940.0,1609,19373.201226
700.0,1360,19387.994323
900.0,1870,19408.42311
1240.0,2073,19431.89207
1020.0,1698,19450.879271
1100.0,1730,19470.296347
900.0,1721,19490.938124
780.0,1427,19507.619493
1480.0,2215,19534.517537
1000.0,1797,19556.041526
1060.0,1915,19578.681952
1240.0,2128,19603.5574
700.0,1368,19618.66099
1200.0,2025,19642.407458
1340.0,2251,19667.773592
1200.0,2149,19692.615157
1480.0,2271,19718.126873
1520.0,2266,19743.204801
1200.0,1989,19765.395435
1380.0,2053,19788.472663
1300.0,2051,19811.290615
1240.0,1915,19832.492916
940.0,1686,19851.080186
1220.0,1921,19872.438045
1240.0,2094,19895.863099
1160.0,1813,19915.985256
1300.0,2108,19939.408565
1440.0,2267,19964.556283
1180.0,1833,19984.783169
1120.0,1714,20003.753055
1360.0,2111,20026.928082
1480.0,2206,20051.259984
1020.0,1611,20068.971599
1340.0,1999,20090.927423
960.0,1548,20107.945404
1520.0,2269,20132.934547
1140.0,1875,20153.550418
1080.0,1835,20173.673553
1180.0,1843,20193.946341
1040.0,1674,20212.339106
920.0,1482,20228.656475
1520.0,2270,20253.675145
1560.0,2270,20278.706175
1140.0,1667,20297.291478
1380.0,2116,20320.629016
1160.0,1809,20340.661447
1440.0,2117,20364.186508
1380.0,2066,20387.22487
1080.0,1621,20405.289512
1620.0,2268,20430.62206
1000.0,1572,20448.068436
980.0,1503,20464.756814
1080.0,1626,20482.794567
1520.0,2271,20508.063922
1320.0,2015,20530.427118
1240.0,1826,20551.775995
1440.0,2267,20578.500468
1160.0,1831,20599.350711
860.0,1366,20614.582994
1660.0,2264,20641.050218
840.0,1306,20655.962326
880.0,1410,20672.452242
1100.0,1804,20693.154886
1200.0,1845,20713.949721
1520.0,2254,20739.358712
1540.0,2265,20764.986184
1060.0,1683,20784.105024
1400.0,2137,20808.540649
1320.0,2046,20832.000936
1180.0,1829,20852.557933
960.0,1488,20869.279199
1640.0,2268,20896.152405
1560.0,2262,20922.438077
1640.0,2269,20948.816255
1660.0,2217,20973.488248
1340.0,1929,20995.409624
1520.0,2269,21021.063121
1660.0,2266,21046.288646
1240.0,1842,21066.711021
1260.0,2061,21089.628678
920.0,1543,21106.631216
1620.0,2268,21131.81241
1200.0,1809,21151.926596
1480.0,2266,21177.155099
1100.0,1680,21195.734418
1660.0,2266,21220.978851
1500.0,2271,21246.234867
1100.0,1817,21267.015556
740.0,1270,21282.251819
1120.0,1856,21303.721386
1080.0,1615,21322.229861
1680.0,2269,21348.816734
1220.0,1910,21371.759863
640.0,1192,21385.366487
1380.0,2082,21408.480686
1380.0,2047,21431.255753
1440.0,2090,21456.955265
1680.0,2264,21482.52286
820.0,1484,21499.2631
760.0,1322,21514.824737
1120.0,1799,21535.532335
1220.0,1852,21556.267859
860.0,1453,21572.41731
1560.0,2267,21597.837301
1280.0,1919,21619.326807
980.0,1607,21637.18802
1200.0,1943,21660.805513
1140.0,1720,21680.752115
1620.0,2267,21706.856302
1600.0,2268,21732.109711
1620.0,2270,21757.319301
1400.0,1984,21779.428113
1260.0,1815,21799.530357
1040.0,1627,21817.447422
1820.0,2401,21844.066204
1640.0,2262,21869.423362
1480.0,2070,21892.518584
1380.0,2222,21917.295284
1660.0,2265,21942.561685
1640.0,2249,21967.573741
1620.0,2272,21992.69877
1600.0,2270,22017.83948
1280.0,1868,22039.411791
1260.0,1817,22060.049578
1520.0,2269,22085.694963
1640.0,2265,22111.026165
1620.0,2271,22136.436208
1680.0,2266,22162.017297
1660.0,2265,22187.550011
1300.0,1848,22208.335394
1540.0,2269,22233.959837
1640.0,2270,22259.652847
1540.0,2266,22285.29721
1360.0,1919,22306.911382
1520.0,2269,22332.406172
1600.0,2211,22357.269692
1620.0,2212,22382.172063
1520.0,2162,22406.542506
1660.0,2265,22432.064193
1600.0,2231,22457.194984
1640.0,2267,22482.610959
1520.0,2162,22506.770351
1640.0,2229,22531.761487
1620.0,2267,22557.528547
1620.0,2267,22583.100133
1640.0,2269,22608.508156
1260.0,1808,22628.735013
1560.0,2266,22654.105162
880.0,1510,22671.102686
1600.0,2268,22696.647343
1620.0,2266,22722.131137
1580.0,2177,22747.973028
1560.0,2223,22772.946211
1560.0,2264,22798.470894
1200.0,1710,22817.666537
1420.0,1931,22839.368502
1520.0,2100,22863.07511
1440.0,2009,22885.584887
1640.0,2271,22911.008893
1640.0,2265,22936.658232
1620.0,2268,22962.142079
1680.0,2270,22987.635844
1620.0,2271,23013.07578
1620.0,2268,23038.570572
1660.0,2270,23064.307998
1500.0,2064,23088.972709
1240.0,1867,23112.159468
1040.0,1623,23132.681101
1500.0,2139,23158.627943
1560.0,2181,23185.143995
1600.0,2269,23214.627897
1660.0,2267,23246.500774
1420.0,2022,23272.025242
1580.0,2265,23300.491524
